cricheroes_match_id,innings_number,cricheroes_team_id,batting_order,cricheroes_player_id,name,is_captain,runs,balls,minutes,fours,sixes,strike_rate,batting_hand,how_to_out,is_out
1690015,1,1251247,1,5387685,Aprameya Guruprasad,0,4,7,4,0,0,57.14,RHB,c BHARATH G S AGASTHYA b Ajith,1
1690015,1,1251247,2,8444682,Pavan Gautham,0,38,20,11,0,5,190.00,RHB,b BHARATH G S AGASTHYA,1
1690015,1,1251247,3,8129644,Pavan Kashyap,1,18,10,7,0,2,180.00,RHB,not out,0
1690015,1,1251247,4,8445292,Mahesh,0,1,1,1,0,0,100.00,LHB,not out,0
1690015,2,1251253,1,8445356,Pradyumna,0,13,6,3,0,2,216.67,RHB,retired hurt,1
1690015,2,1251253,2,8469155,Krishna Mys,0,20,8,10,1,2,250.00,RHB,not out,0
1690015,2,1251253,3,4416809,BHARATH G S AGASTHYA,0,33,12,7,1,4,275.00,RHB,not out,0
1690017,1,1251242,1,8445376,Amith,0,2,6,5,0,0,33.33,RHB,c †Prasad K S b Sudharshan,1
1690017,1,1251242,2,8445414,Tej,0,48,23,14,6,2,208.70,RHB,not out,0
1690017,1,1251242,3,809163,Pranav Pk,0,19,10,9,2,1,190.00,RHB,not out,0
1690017,2,1251256,1,8556484,Srinidhi Ns,0,9,11,9,0,1,81.82,RHB,not out,0
1690017,2,1251256,2,8556507,Prabhanjan,0,14,9,9,1,1,155.56,RHB,b Tej,1
1690017,2,1251256,3,8445318,K S Akshay Kaushik,0,26,7,5,0,4,371.43,LHB,c&b Tej,1
1690017,2,1251256,4,1224122,Badri (5a),0,1,2,1,0,0,50.00,RHB,run out Pranav Pk / Tej,1
1690017,2,1251256,5,6508655,Sudharshan,0,2,5,7,0,0,40.00,RHB,not out,0
1690017,2,1251256,6,8445462,Prasad K S,1,4,2,1,1,0,200.00,RHB,c Tej b Pranav Pk,1
1690018,1,1251263,1,809867,Prabhav PK,0,4,4,1,0,0,100.00,RHB,retired hurt,1
1690018,1,1251263,2,4143096,Aniruddha Dv,0,24,17,9,2,1,141.18,RHB,run out Srihari,1
1690018,1,1251263,3,4048334,Ravi Aniruddha,1,3,5,2,0,0,60.00,RHB,b Shreenidhi Prakash,1
1690018,1,1251263,4,8445499,Paneendra Gautham,0,21,10,5,1,2,210.00,RHB,not out,0
1690018,1,1251263,5,8445343,Anantha Madhava,0,0,1,1,0,0,0.00,RHB,not out,0
1690018,2,1251252,1,8578931,Srihari,0,3,8,2,0,0,37.50,LHB,retired hurt,1
1690018,2,1251252,2,7662592,Vittala,0,1,3,3,0,0,33.33,RHB,c&b Sridhar,1
1690018,2,1251252,3,8444531,Shreenidhi Prakash,0,25,14,9,3,1,178.57,RHB,not out,0
1690018,2,1251252,4,8444550,Bharadwaj Srivatsa,1,6,9,6,0,0,66.67,RHB,run out Aniruddha Dv,1
1690018,2,1251252,5,5994303,Srikanth T K,0,1,2,1,0,0,50.00,RHB,not out,0
1690019,1,1251256,1,8556484,Srinidhi NS,0,14,6,1,0,2,233.33,RHB,c Pavan Gautham b Mahesh,1
1690019,1,1251256,2,1224122,Badriprasad,0,2,2,3,0,0,100.00,RHB,run out Sandeep,1
1690019,1,1251256,3,8556507,Prabhanjan,0,36,14,9,3,3,257.14,RHB,not out,0
1690019,1,1251256,4,6508655,Sudharshan,0,8,7,5,1,0,114.29,RHB,retired hurt,1
1690019,1,1251256,5,8445318,K S AKSHAY KAUSHIK,0,26,7,2,0,4,371.43,RHB,not out,0
1690019,2,1251247,1,5387685,Aprameya Guruprasad,0,9,8,3,0,1,112.50,RHB,not out,0
1690019,2,1251247,2,8129644,Pavan Kashyap,1,21,13,12,1,1,161.54,RHB,run out Prasad K S,1
1690019,2,1251247,3,8444682,Pavan Gautham,0,40,16,9,1,5,250.00,RHB,not out,0
1690021,1,1251252,1,8578931,Srihari,0,21,9,11,0,3,233.33,LHB,not out,0
1690021,1,1251252,2,8444550,Bharadwaj Srivatsa,1,0,1,1,0,0,0.00,RHB,c Krishna Mys b Pradyumna,1
1690021,1,1251252,3,8444531,Shreenidhi Prakash,0,8,4,2,0,1,200.00,RHB,b BHARATH G S AGASTHYA,1
1690021,1,1251252,4,5994303,Srikanth T K,0,49,14,9,0,7,350.00,RHB,not out,0
1690021,1,1251252,5,8846097,Vishnunandan,0,12,6,2,0,2,200.00,LHB,run out Jeethu,1
1690021,1,1251252,6,7662592,Vittala,0,1,2,1,0,0,50.00,RHB,run out Ajith,1
1690021,2,1251253,1,8445356,Pradyumna,0,4,13,5,0,0,30.77,RHB,not out,0
1690021,2,1251253,2,8445368,Jeethu,0,2,2,5,0,0,100.00,LHB,run out Bharadwaj Srivatsa,1
1690021,2,1251253,3,4416809,BHARATH G S AGASTHYA,0,0,2,2,0,0,0.00,RHB,c †Vittala b Vishnunandan,1
1690021,2,1251253,4,8445342,Guruprasad Ramachandrachar,1,5,10,5,0,0,50.00,LHB,c Vishnunandan b Bharadwaj Srivatsa,1
1690021,2,1251253,5,8467573,Ajith,0,2,7,3,0,0,28.57,RHB,c †Vittala b Srikanth T K,1
1690021,2,1251253,6,8469155,Krishna Mys,0,3,3,1,0,0,100.00,RHB,run out Vishnunandan,1
1690024,1,1251263,1,809867,Prabhav PK,0,2,4,6,0,0,50.00,RHB,retired hurt,1
1690024,1,1251263,2,4143096,Aniruddha Dv,0,1,3,4,0,0,33.33,RHB,c Srisha Badarayana H S b Madhusudhan K S,1
1690024,1,1251263,3,8445343,Anantha Madhava,0,5,5,4,1,0,100.00,RHB,c †Madhusudhan K S b Tej,1
1690024,1,1251263,4,4048334,Ravi Aniruddha,1,0,1,1,0,0,0.00,RHB,run out Pranav PK,1
1690024,1,1251263,5,8445499,Paneendra Gautham,0,43,18,7,2,5,238.89,RHB,not out,0
1690024,1,1251263,6,8469156,Sridhar,0,9,6,5,1,0,150.00,RHB,not out,0
1690024,2,1251242,1,8445376,Amith,0,4,5,3,0,0,80.00,RHB,retired hurt,1
1690024,2,1251242,2,8445414,Tej,0,2,5,4,0,0,40.00,RHB,c Ravi Aniruddha b Aniruddha Dv,1
1690024,2,1251242,3,809163,Pranav PK,0,26,14,11,1,2,185.71,RHB,not out,0
1690024,2,1251242,4,5922441,Prasanna,1,20,12,7,2,1,166.67,RHB,run out Aniruddha Dv,1
1690024,2,1251242,5,8445420,Madhusudhan K S,0,1,1,1,0,0,100.00,RHB,run out Sridhar,1
1690024,2,1251242,6,8444668,Srisha Badarayana H S,0,6,1,1,0,1,600.00,RHB,not out,0
1690028,1,1251252,1,8578931,Srihari,0,7,7,6,0,1,100.00,LHB,retired hurt,1
1690028,1,1251252,2,8444550,Bharadwaj Srivatsa,1,6,8,13,0,0,75.00,RHB,run out Pavan Gautham,1
1690028,1,1251252,3,8444531,Shreenidhi Prakash,0,29,7,3,2,3,414.29,RHB,run out Pavan Gautham,1
1690028,1,1251252,4,5994303,Srikanth T K,0,58,13,5,2,8,446.15,RHB,not out,0
1690028,1,1251252,5,8846097,Vishnunandan,0,1,1,1,0,0,100.00,LHB,not out,0
1690028,2,1251247,1,5387685,Aprameya Guruprasad,0,13,7,5,1,1,185.71,RHB,run out Shreenidhi Prakash,1
1690028,2,1251247,2,8444682,Pavan Gautham,0,10,8,7,0,1,125.00,RHB,c&b Vishnunandan,1
1690028,2,1251247,3,8129644,Pavan Kashyap,1,20,7,3,0,3,285.71,RHB,b Vishnunandan,1
1690028,2,1251247,4,8445292,Mahesh,0,12,7,4,1,1,171.43,LHB,b Shreenidhi Prakash,1
1690028,2,1251247,5,4048300,Vadiraj,0,0,2,2,0,0,0.00,RHB,c Bharadwaj Srivatsa b Srikanth T K,1
1690028,2,1251247,6,8450899,Sandeep,0,0,0,1,0,0,0.00,LHB,not out,0
1690031,1,1251253,1,8445356,Pradyumna,0,8,7,2,0,1,114.29,RHB,retired hurt,1
1690031,1,1251253,2,8445368,Jeethu,0,46,22,9,3,4,209.09,LHB,not out,0
1690031,1,1251253,3,4416809,Bharath Foundry,0,21,10,7,0,3,210.00,RHB,run out Srikanth Krishnamurthy,1
1690031,2,1251242,1,8445376,Amith,0,3,7,6,0,0,42.86,RHB,retired hurt,1
1690031,2,1251242,2,809163,Pranav Pk,0,9,7,17,0,1,128.57,RHB,b Guruprasad Ramachandrachar,1
1690031,2,1251242,3,8445414,Tej,0,40,15,18,1,5,266.67,RHB,not out,0
1690031,2,1251242,4,5922441,Prasanna,1,8,7,5,1,0,114.29,RHB,run out Ajith,1
1690031,2,1251242,5,8445420,Madhusudhan K S,0,1,1,2,0,0,100.00,RHB,not out,0
1690029,1,1251256,1,8556484,Srinidhi NS,0,15,8,3,0,2,187.50,RHB,b Ravi Aniruddha,1
1690029,1,1251256,2,1224122,Badriprasad,0,30,17,13,1,2,176.47,RHB,run out Aniruddha Dv,1
1690029,1,1251256,3,8556507,Prabhanjan,0,11,7,5,0,1,157.14,RHB,retired hurt,1
1690029,1,1251256,4,8445318,K S AKSHAY KAUSHIK,0,4,5,3,0,0,80.00,RHB,not out,0
1690029,2,1251263,1,809867,Prabhav PK,0,3,6,2,0,0,50.00,RHB,retired hurt,1
1690029,2,1251263,2,8445343,Anantha Madhava,0,7,9,13,1,0,77.78,RHB,run out K S AKSHAY KAUSHIK,1
1690029,2,1251263,3,8445499,Paneendra Gautham,0,0,2,1,0,0,0.00,RHB,c †Prasad K S b Badriprasad,1
1690029,2,1251263,4,4143096,Aniruddha Dv,0,22,14,9,0,3,157.14,RHB,not out,0
1690029,2,1251263,5,4048334,Ravi Aniruddha,1,17,5,1,2,1,340.00,RHB,not out,0
1817613,1,1251253,1,8445356,Pradyumna,0,4,8,2,1,0,50.00,RHB,retired hurt,1
1817613,1,1251253,2,8445368,Jeethu,0,28,13,14,0,3,215.38,LHB,not out,0
1817613,1,1251253,3,4416809,BHARATH G S AGASTHYA,0,23,15,10,1,2,153.33,RHB,c †Vittala b Bharadwaj Srivatsa,1
1817613,1,1251253,4,8445342,Guruprasad Ramachandrachar,1,0,1,1,0,0,0.00,LHB,st †Vittala b Bharadwaj Srivatsa,1
1817613,2,1251252,1,8578931,Srihari,0,5,11,6,0,0,45.45,LHB,not out,0
1817613,2,1251252,2,8444550,Bharadwaj Srivatsa,1,13,10,18,0,1,130.00,RHB,c Jeethu b BHARATH G S AGASTHYA,1
1817613,2,1251252,3,8444531,Shreenidhi Prakash,0,19,7,4,0,3,271.43,RHB,b BHARATH G S AGASTHYA,1
1817613,2,1251252,4,5994303,Srikanth T K,0,9,5,4,0,1,180.00,RHB,run out Guruprasad Ramachandrachar,1
1817613,2,1251252,5,8846097,Vishnunandan,0,3,4,5,0,0,75.00,LHB,run out BHARATH G S AGASTHYA / Guruprasad Ramachandrachar,1
1817613,2,1251252,6,7662592,Vittala,0,0,2,3,0,0,0.00,RHB,not out,0
1817710,1,1251263,1,809867,Prabhav PK,0,1,7,3,0,0,14.29,RHB,retired hurt,1
1817710,1,1251263,2,4143096,Aniruddha Dv,0,29,14,13,0,4,207.14,RHB,c †Prasad K S b Badriprasad,1
1817710,1,1251263,3,8445343,Anantha Madhava,0,25,10,8,2,2,250.00,RHB,not out,0
1817710,1,1251263,4,8445499,Paneendra Gautham,0,1,1,3,0,0,100.00,RHB,run out Prasad K S,1
1817710,1,1251263,5,4048334,Ravi Aniruddha,1,7,4,2,0,1,175.00,RHB,not out,0
1817710,2,1251256,1,8556484,Srinidhi NS,0,25,11,11,2,2,227.27,RHB,run out Paneendra Gautham,1
1817710,2,1251256,2,1224122,Badriprasad,0,0,1,2,0,0,0.00,RHB,c Anantha Madhava b Prabhav PK,1
1817710,2,1251256,3,8556507,Prabhanjan,0,1,3,3,0,0,33.33,RHB,b Aniruddha Dv,1
1817710,2,1251256,4,6508655,Sudharshan,0,3,5,7,0,0,60.00,RHB,not out,0
1817710,2,1251256,5,8445318,K S AKSHAY KAUSHIK,0,35,17,9,0,5,205.88,RHB,not out,0
1817785,1,1251253,1,8445356,Pradyumna,0,1,7,9,0,0,14.29,RHB,not out,0
1817785,1,1251253,2,8445368,Jeethu,0,0,1,4,0,0,0.00,LHB,b Anantha Madhava,1
1817785,1,1251253,3,4416809,BHARATH G S AGASTHYA,0,6,2,1,0,1,300.00,RHB,c †Sridhar b Anantha Madhava,1
1817785,1,1251253,4,8445342,Guruprasad Ramachandrachar,1,8,9,7,0,0,88.89,LHB,c Aniruddha Dv b Paneendra Gautham,1
1817785,1,1251253,5,8467573,Ajith,0,2,4,2,0,0,50.00,RHB,c Aniruddha Dv b Ravi Aniruddha,1
1817785,1,1251253,6,8469155,Krishna Mys,0,10,13,7,0,0,76.92,RHB,not out,0
1817785,2,1251263,1,809867,Prabhav PK,0,1,10,9,0,0,10.00,RHB,retired hurt,1
1817785,2,1251263,2,4143096,Aniruddha Dv,0,3,5,6,0,0,60.00,RHB,b BHARATH G S AGASTHYA,1
1817785,2,1251263,3,8445343,Anantha Madhava,0,9,7,11,0,1,128.57,RHB,run out Pradyumna,1
1817785,2,1251263,4,8445499,Paneendra Gautham,0,22,11,10,0,3,200.00,RHB,not out,0
1817785,2,1251263,5,4048334,Ravi Aniruddha,1,1,3,1,0,0,33.33,RHB,c BHARATH G S AGASTHYA b Ajith,1
1817785,2,1251263,6,8469156,Sridhar,0,0,0,1,0,0,0.00,RHB,not out,0
2278728,1,1597088,1,8556484,Srinidhi NS,0,10,10,3,0,1,100.00,RHB,c Shreenidhi Prakash b Jeethu,1
2278728,1,1597088,2,7662592,Vittala,0,2,6,8,0,0,33.33,RHB,b Jeethu,1
2278728,1,1597088,3,8445318,K S AKSHAY KAUSHIK,0,18,16,16,0,2,112.50,RHB,not out,0
2278728,1,1597088,4,8453971,Srikanth Krishnamurthy  (wk),0,1,9,8,0,0,11.11,RHB,run out Sridhar Ramchandrachar,1
2278728,1,1597088,5,1224122,Badriprasad,0,1,4,2,0,0,25.00,RHB,run out BHARATH G S AGASTHYA,1
2278728,2,1597090,1,8445309,Sandeep,0,1,6,2,0,0,16.67,,retired,1
2278728,2,1597090,2,8445342,Guruprasad Ramachandrachar,1,3,3,5,0,0,100.00,LHB,run out Srikanth Krishnamurthy,1
2278728,2,1597090,3,4416809,BHARATH G S AGASTHYA,0,9,8,5,0,1,112.50,RHB,run out Amith / Srikanth Krishnamurthy,1
2278728,2,1597090,4,8445368,Jeethu,0,1,5,4,0,0,20.00,LHB,c †Srikanth Krishnamurthy b Vittala,1
2278728,2,1597090,5,8444531,Shreenidhi Prakash,0,2,2,3,0,0,100.00,RHB,hit wkt b Vittala,1
2278728,2,1597090,6,10031570,Sridhar Ramchandrachar,0,20,9,29,0,2,222.22,LHB,not out,0
2278728,2,1597090,7,8469155,Krishna Mys,0,1,3,27,0,0,33.33,RHB,not out,0
2278732,1,1597087,1,8578931,Srihari,0,3,6,3,0,0,50.00,LHB,retired out,1
2278732,1,1597087,2,10031492,Mady,0,11,9,10,0,1,122.22,RHB,b Prasanna,1
2278732,1,1597087,3,8444550,Bharadwaj Srivatsa,1,35,20,11,0,5,175.00,RHB,run out Pranav PK,1
2278732,1,1597087,4,8452770,Ashrith Kashyap,0,18,8,7,0,3,225.00,RHB,not out,0
2278732,1,1597087,5,8445343,Anantha Madhava,0,0,0,1,0,0,0.00,RHB,run out Sridhar,1
2278732,1,1597087,6,8445420,Madhusudhan K S  (wk),0,0,0,1,0,0,0.00,RHB,not out,0
2278732,2,1597085,1,809867,Prabhav PK,0,5,6,3,0,0,83.33,RHB,retired out,1
2278732,2,1597085,2,809163,Pranav PK,0,1,2,5,0,0,50.00,RHB,st †Madhusudhan K S b Mady,1
2278732,2,1597085,3,8445414,Tej,0,59,25,8,0,9,236.00,RHB,not out,0
2278732,2,1597085,4,8444668,Srisha Badarayana H S,0,6,3,1,0,1,200.00,RHB,c Ashrith Kashyap b Vishnunandan,1
2278732,2,1597085,5,8445292,Mahesh,0,0,0,4,0,0,0.00,LHB,not out,0
2278742,1,1597084,1,5387685,Aprameya Guruprasad,0,8,6,2,0,1,133.33,RHB,retired,1
2278742,1,1597084,2,8670699,Ajith P,0,0,2,3,0,0,0.00,RHB,b BHARATH G S AGASTHYA,1
2278742,1,1597084,3,8444682,Pavan Gautham,0,0,1,1,0,0,0.00,RHB,c Jeethu b BHARATH G S AGASTHYA,1
2278742,1,1597084,4,8814171,Pavan Raghavendra,0,7,11,6,0,1,63.64,RHB,c Shreenidhi Prakash b BHARATH G S AGASTHYA,1
2278742,1,1597084,5,10047098,Aditya Hatwar,0,0,1,1,0,0,0.00,RHB,b BHARATH G S AGASTHYA,1
2278742,1,1597084,6,10052031,Yashu,0,6,5,2,0,1,120.00,RHB,b BHARATH G S AGASTHYA,1
2278742,1,1597084,7,8129644,Pavan Kashyap,1,31,16,9,3,3,193.75,RHB,c&b Sridhar Ramchandrachar,1
2278742,1,1597084,8,10052056,Pavan Bharadwaj,0,0,1,5,0,0,0.00,RHB,not out,0
2278742,2,1597090,1,8445309,Sandeep,0,1,6,2,0,0,16.67,,retired,1
2278742,2,1597090,2,8445342,Guruprasad Ramachandrachar,1,0,1,2,0,0,0.00,LHB,b Ajith P,1
2278742,2,1597090,3,4416809,BHARATH G S AGASTHYA,0,25,18,8,1,3,138.89,RHB,not out,0
2278742,2,1597090,4,10031570,Sridhar Ramchandrachar,0,2,2,6,0,0,100.00,LHB,retired hurt,1
2278742,2,1597090,5,8445368,Jeethu,0,28,7,2,1,4,400.00,LHB,not out,0
2278772,1,1597091,1,8445356,Pradyumna,0,2,6,4,0,0,33.33,RHB,retired hurt,1
2278772,1,1597091,2,10046726,Shrivatsa Hatwar,0,0,1,5,0,0,0.00,RHB,c †Bharadwaj Srivatsa b Madhusudhan K S,1
2278772,1,1597091,3,5994303,Srikanth T K,0,24,14,31,1,2,171.43,RHB,not out,0
2278772,1,1597091,4,8445499,Paneendra Gautham,0,41,21,30,1,5,195.24,RHB,not out,0
2278772,2,1597087,1,8578931,Srihari,0,1,4,1,0,0,25.00,LHB,retired out,1
2278772,2,1597087,2,10031492,Mady,0,26,15,13,2,2,173.33,RHB,not out,0
2278772,2,1597087,3,8452770,Ashrith Kashyap,0,15,5,3,2,1,300.00,RHB,b Ravi Aniruddha,1
2278772,2,1597087,4,8444550,Bharadwaj Srivatsa  (c & wk),0,25,6,3,0,4,416.67,RHB,c Sudharshan b Paneendra Gautham,1
2278772,2,1597087,5,8445343,Anantha Madhava,0,4,7,4,0,0,57.14,RHB,run out Srikanth T K,1
2278772,2,1597087,6,8445420,Madhusudhan K S,0,0,0,1,0,0,0.00,RHB,not out,0
2278775,1,1597085,1,809867,Prabhav PK,0,1,6,4,0,0,16.67,RHB,retired out,1
2278775,1,1597085,2,809163,Pranav PK,0,4,4,6,0,0,100.00,RHB,run out † Srikanth Krishnamurthy,1
2278775,1,1597085,3,8556544,Sudhindhra,0,4,11,11,0,0,36.36,RHB,retired out,1
2278775,1,1597085,4,8445414,Tej,0,41,16,10,0,6,256.25,RHB,b Badriprasad,1
2278775,1,1597085,5,5922441,Prasanna,1,0,2,1,0,0,0.00,RHB,st †Srikanth Krishnamurthy b Badriprasad,1
2278775,1,1597085,6,8444668,Srisha Badarayana H S,0,13,6,3,0,2,216.67,RHB,not out,0
2278775,1,1597085,7,8445292,Mahesh,0,2,2,1,0,0,100.00,LHB,not out,0
2278775,2,1597088,1,8556484,Srinidhi NS,0,14,7,3,0,2,200.00,RHB,retired out,1
2278775,2,1597088,2,7662592,Vittala,0,0,2,5,0,0,0.00,RHB,run out Tej,1
2278775,2,1597088,3,8445318,K S AKSHAY KAUSHIK,0,26,11,4,0,4,236.36,RHB,c&b Tej,1
2278775,2,1597088,4,1224122,Badriprasad,0,7,4,8,0,1,175.00,RHB,c Mahesh b Sridhar,1
2278775,2,1597088,5,8453971,Srikanth Krishnamurthy  (wk),0,0,2,1,0,0,0.00,RHB,b Tej,1
2278775,2,1597088,6,8445462,Prasad K S,1,0,1,1,0,0,0.00,RHB,b Tej,1
2278775,2,1597088,7,10052245,Amith,0,1,3,4,0,0,33.33,RHB,not out,0
2278779,1,1597087,1,8578931,Srihari,0,1,6,1,0,0,16.67,LHB,retired out,1
2278779,1,1597087,2,10031492,Mady,0,12,9,10,1,0,133.33,RHB,retired hurt,1
2278779,1,1597087,3,8452770,Ashrith Kashyap,0,69,25,14,0,10,276.00,RHB,run out Yashu / Pavan Kashyap,1
2278779,1,1597087,4,8444550,Bharadwaj Srivatsa,1,9,4,5,0,1,225.00,RHB,not out,0
2278779,2,1597084,1,5387685,Aprameya Guruprasad,0,12,6,3,0,2,200.00,RHB,retired out,1
2278779,2,1597084,2,8444682,Pavan Gautham,0,0,1,5,0,0,0.00,RHB,run out Srihari,1
2278779,2,1597084,3,8129644,Pavan Kashyap,1,40,24,15,1,5,166.67,RHB,c Ashrith Kashyap b Madhusudhan K S,1
2278779,2,1597084,4,8814171,Pavan Raghavendra,0,11,6,5,1,1,183.33,RHB,c †Madhusudhan K S b Ashrith Kashyap,1
2278779,2,1597084,5,8670699,Ajith P,0,2,4,7,0,0,50.00,RHB,not out,0
2278779,2,1597084,6,10052031,Yashu,0,1,2,1,0,0,50.00,RHB,run out Vishnunandan / Bharadwaj Srivatsa,1
2278783,1,1597085,1,809867,Prabhav Pk,0,11,6,4,0,1,183.33,RHB,retired hurt,1
2278783,1,1597085,2,8556544,Sudhindhra,0,8,9,8,1,0,88.89,RHB,b Bharath G S Agasthya,1
2278783,1,1597085,3,8445414,Tej,0,14,14,5,1,1,100.00,RHB,c&b Guruprasad Ramachandrachar,1
2278783,1,1597085,4,809163,Pranav Pk,0,0,2,3,0,0,0.00,RHB,b Jeethu,1
2278783,1,1597085,5,8444668,Srisha Badarayana H S,0,2,3,7,0,0,66.67,RHB,not out,0
2278783,1,1597085,6,5922441,Prasanna (c & wk),0,14,10,4,0,2,140.00,RHB,not out,0
2278783,2,1597090,1,10052264,Srikrishna,0,1,6,2,0,0,16.67,,run out † Sridhar,1
2278783,2,1597090,2,8445342,Guruprasad Ramachandrachar,1,0,6,8,0,0,0.00,LHB,run out Mahesh / Pranav Pk,1
2278783,2,1597090,3,4416809,Bharath G S Agasthya,0,8,7,5,0,1,114.29,RHB,b Tej,1
2278783,2,1597090,4,8445368,Jeethu,0,10,4,2,1,1,250.00,LHB,c †Prasanna b Sridhar,1
2278783,2,1597090,5,10031570,Sridhar Ramchandrachar,0,2,12,10,0,0,16.67,LHB,c †Sridhar b Pranav Pk,1
2278783,2,1597090,6,8444531,Shreenidhi Prakash,0,11,5,4,1,1,220.00,RHB,b Pranav Pk,1
2278783,2,1597090,7,8469155,Krishna Mys,0,0,2,1,0,0,0.00,RHB,not out,0
2278786,1,1597091,1,8445356,Pradyumna,0,10,6,2,1,1,166.67,RHB,retired out,1
2278786,1,1597091,2,4143096,Aniruddha Dv,0,37,19,15,0,5,194.74,RHB,not out,0
2278786,1,1597091,3,4048334,Ravi Aniruddha,1,32,15,9,0,5,213.33,RHB,st †Srikanth Krishnamurthy b Badriprasad,1
2278786,1,1597091,4,5994303,Srikanth T K,0,0,1,1,0,0,0.00,RHB,b Badriprasad,1
2278786,1,1597091,5,8445499,Paneendra Gautham,0,1,3,1,0,0,33.33,RHB,run out † Srikanth Krishnamurthy,1
2278786,1,1597091,6,10046726,Shrivatsa Hatwar  (wk),0,0,0,1,0,0,0.00,RHB,run out Badriprasad,1
2278786,2,1597088,1,8556484,Srinidhi NS,0,1,6,2,0,0,16.67,RHB,retired out,1
2278786,2,1597088,2,7662592,Vittala,0,18,16,8,2,1,112.50,RHB,b Srikanth T K,1
2278786,2,1597088,3,8445318,K S AKSHAY KAUSHIK,0,2,4,3,0,0,50.00,RHB,run out Aniruddha Dv,1
2278786,2,1597088,4,1224122,Badriprasad,0,0,1,3,0,0,0.00,RHB,c Paneendra Gautham b Aniruddha Dv,1
2278786,2,1597088,5,8453971,Srikanth Krishnamurthy  (wk),0,8,5,3,0,1,160.00,RHB,c&b Paneendra Gautham,1
2278786,2,1597088,6,8445462,Prasad K S,1,0,4,5,0,0,0.00,RHB,c †Shrivatsa Hatwar b Sudharshan,1
2278786,2,1597088,7,10052245,Amith,0,5,5,3,1,0,100.00,RHB,not out,0
2303511,1,1597091,1,8445356,Pradyumna,0,4,6,1,1,0,66.67,RHB,retired out,1
2303511,1,1597091,2,4143096,Aniruddha Dv,0,0,1,3,0,0,0.00,RHB,c Pranav Pk b Prasanna,1
2303511,1,1597091,3,8445499,Paneendra Gautham,0,2,4,4,0,0,50.00,RHB,c Tej b Sridhar,1
2303511,1,1597091,4,4048334,Ravi Aniruddha,1,3,10,4,0,0,30.00,RHB,b Pranav Pk,1
2303511,1,1597091,5,10046726,Shrivatsa Hatwar,0,2,11,2,0,0,18.18,RHB,c Prasanna b Tej,1
2303511,1,1597091,6,5994303,Srikanth T K,0,24,8,2,1,3,300.00,RHB,not out,0
2303511,1,1597091,7,6508655,Sudharshan,0,0,2,1,0,0,0.00,RHB,not out,0
2303511,2,1597085,1,809867,Prabhav Pk,0,14,6,11,0,2,233.33,RHB,retired out,1
2303511,2,1597085,2,8556544,Sudhindhra,0,9,4,15,0,1,225.00,RHB,not out,0
2303511,2,1597085,3,8445414,Tej,0,15,5,3,0,2,300.00,RHB,not out,0
2303560,1,1597084,1,5387685,Aprameya Guruprasad,0,14,8,2,1,1,175.00,RHB,retired out,1
2303560,1,1597084,2,10052056,Pavan Bharadwaj,0,0,0,1,0,0,0.00,RHB,run out Vishnunandan / Anantha Madhava,1
2303560,1,1597084,3,8444682,Pavan Gautham,0,23,18,13,0,3,127.78,RHB,c Vishnunandan b Ashrith Kashyap,1
2303560,1,1597084,4,8129644,Pavan Kashyap,1,39,19,15,1,5,205.26,RHB,not out,0
2303560,1,1597084,5,8814171,Pavan Raghavendra,0,0,1,2,0,0,0.00,RHB,not out,0
2303560,2,1597087,1,8578931,Srihari,0,1,6,2906,0,0,16.67,LHB,retired out,1
2303560,2,1597087,2,8445343,Anantha Madhava,0,21,18,2921,1,2,116.67,RHB,run out Yashu,1
2303560,2,1597087,3,8452770,Ashrith Kashyap,0,26,10,9,0,4,260.00,RHB,c Pavan Kashyap b Ajith P,1
2303560,2,1597087,4,8444550,Bharadwaj Srivatsa,1,20,8,9,0,3,250.00,RHB,run out Pavan Raghavendra,1
2303560,2,1597087,5,10031492,Mady,0,1,1,1,0,0,100.00,RHB,run out Yashu,1
2303560,2,1597087,6,8445420,Madhusudhan K S,0,1,1,4,0,0,100.00,RHB,not out,0
2303560,2,1597087,7,8846097,Vishnunandan,0,0,0,1,0,0,0.00,LHB,not out,0
2308545,1,1597091,1,8445356,Pradyumna,0,1,6,2,0,0,16.67,RHB,retired out,1
2308545,1,1597091,2,4143096,Aniruddha Dv,0,1,5,8,0,0,20.00,RHB,c †Madhusudhan K S b Ashrith Kashyap,1
2308545,1,1597091,3,4048334,Ravi Aniruddha,1,17,16,11,0,2,106.25,RHB,b Mady,1
2308545,1,1597091,4,5994303,Srikanth T K,0,20,7,4,0,3,285.71,RHB,c Ashrith Kashyap b Vishnunandan,1
2308545,1,1597091,5,8445499,Paneendra Gautham,0,1,6,5,0,0,16.67,RHB,c Ashrith Kashyap b Anantha Madhava,1
2308545,1,1597091,6,10046726,Shrivatsa Hatwar,0,0,2,1,0,0,0.00,RHB,b Mady,1
2308545,1,1597091,7,6508655,Sudharshan,0,0,1,3,0,0,0.00,RHB,c Mady b Anantha Madhava,1
2308545,1,1597091,8,10110854,Last Batsman,0,0,0,1,0,0,0.00,RHB,not out,0
2308545,2,1597087,1,8578931,Srihari,0,2,5,2,0,0,40.00,LHB,retired out,1
2308545,2,1597087,2,8445343,Anantha Madhava,0,13,8,7,1,1,162.50,RHB,b Ravi Aniruddha,1
2308545,2,1597087,3,8452770,Ashrith Kashyap,0,30,11,8,1,4,272.73,RHB,not out,0
2308545,2,1597087,4,8444550,Bharadwaj Srivatsa,1,6,8,3,0,0,75.00,RHB,not out,0
2379201,1,1597085,1,809867,Prabhav PK,0,2,6,7,0,0,33.33,RHB,retired out,1
2379201,1,1597085,2,809163,Pranav PK,0,39,19,24,1,4,205.26,RHB,b Ashrith Kashyap,1
2379201,1,1597085,3,8556544,Sudhindhra,0,11,5,4,1,1,220.00,RHB,c Madhusudhan K S b Mady,1
2379201,1,1597085,4,8445414,Tej,0,0,2,1,0,0,0.00,RHB,c Madhusudhan K S b Mady,1
2379201,1,1597085,5,8444668,Srisha Badarayana H S,0,0,2,1,0,0,0.00,RHB,c Srihari b Ashrith Kashyap,1
2379201,1,1597085,6,8445292,Mahesh,0,13,10,10,0,1,130.00,LHB,not out,0
2379201,1,1597085,7,5922441,Prasanna,1,1,1,1,0,0,100.00,RHB,not out,0
2379201,2,1597087,1,8578931,Srihari,0,2,6,18,0,0,33.33,LHB,retired out,1
2379201,2,1597087,2,8445343,Anantha Madhava,0,2,5,24,0,0,40.00,RHB,run out Tej,1
2379201,2,1597087,3,8452770,Ashrith Kashyap,0,7,5,3,0,1,140.00,RHB,c Mahesh b Prasanna,1
2379201,2,1597087,4,8444550,Bharadwaj Srivatsa,1,0,1,1,0,0,0.00,RHB,run out Sudhindhra,1
2379201,2,1597087,5,10031492,Mady,0,0,1,1,0,0,0.00,RHB,c Tej b Prasanna,1
2379201,2,1597087,6,8445420,Madhusudhan K S,0,15,16,21,1,1,93.75,RHB,not out,0
2379201,2,1597087,7,8846097,Vishnunandan,0,13,9,19,1,1,144.44,LHB,run out Pranav PK,1
2379201,2,1597087,8,10052159,Praveena,0,0,1,1,0,0,0.00,RHB,not out,0
3903839,1,1597087,1,8578931,Srihari,0,2,3,3,0,0,66.67,LHB,retired out,1
3903839,1,1597087,2,8846097,Vishnunandan,0,1,3,6,0,0,33.33,LHB,retired hurt,1
3903839,1,1597087,3,8445420,Madhusudhan K S  (wk),0,0,6,2,0,0,0.00,RHB,retired out,1
3903839,1,1597087,4,8452770,Ashrith Kashyap,0,40,20,17,1,5,200.00,RHB,c&b Vittala,1
3903839,1,1597087,5,8444550,Bharadwaj Srivatsa,1,8,9,18,1,0,88.89,RHB,not out,0
3903839,1,1597087,6,10031492,Mady,0,0,1,1,0,0,0.00,RHB,b Vittala,1
3903839,1,1597087,7,8445343,Anantha Madhava,0,1,2,1,0,0,50.00,RHB,b Vittala,1
3903839,2,1597088,1,8556484,Srinidhi NS,0,1,6,2,0,0,16.67,RHB,retired out,1
3903839,2,1597088,2,8453971,Srikanth Krishnamurthy,0,0,0,6,0,0,0.00,RHB,retired hurt,1
3903839,2,1597088,3,8445462,Prasad K S,1,6,6,3,1,0,100.00,RHB,retired out,1
3903839,2,1597088,4,1224122,Badriprasad,0,4,9,8,0,0,44.44,RHB,c †Madhusudhan K S b Ashrith Kashyap,1
3903839,2,1597088,5,8445318,K S AKSHAY KAUSHIK,0,33,13,10,0,5,253.85,RHB,run out Srihari / Ashrith Kashyap,1
3903839,2,1597088,6,7662592,Vittala,0,6,4,4,1,0,150.00,RHB,not out,0
3903839,2,1597088,7,10052245,Amith,0,5,2,2,1,0,250.00,RHB,not out,0
3903851,1,1597090,1,8445309,Sandeep,0,0,6,2,0,0,0.00,,retired out,1
3903851,1,1597090,2,8444531,Shreenidhi Prakash,0,1,4,16,0,0,25.00,RHB,not out,0
3903851,1,1597090,3,10031570,Sridhar Ramchandrachar,0,4,6,3,1,0,66.67,LHB,retired out,1
3903851,1,1597090,4,8469155,Krishna Mys,0,0,1,1,0,0,0.00,RHB,c Srikanth T K b Paneendra Gautham,1
3903851,1,1597090,5,4416809,BHARATH G S AGASTHYA,0,14,16,9,0,2,87.50,RHB,b Aniruddha Dv,1
3903851,1,1597090,6,8445368,Jeethu,0,24,10,3,0,4,240.00,LHB,b Aniruddha Dv,1
3903851,1,1597090,7,8445342,Guruprasad Ramachandrachar,0,6,1,1,0,1,600.00,LHB,not out,0
3903851,2,1597091,1,8445356,Pradyumna,0,8,6,2,0,1,133.33,RHB,retired out,1
3903851,2,1597091,2,4143096,Aniruddha Dv,0,0,1,5,0,0,0.00,RHB,c Shreenidhi Prakash b BHARATH G S AGASTHYA,1
3903851,2,1597091,3,10046726,Shrivatsa Hatwar,0,6,6,5,0,1,100.00,RHB,not out,0
3903851,2,1597091,4,8445499,Paneendra Gautham,0,22,17,9,1,2,129.41,RHB,c BHARATH G S AGASTHYA b Shreenidhi Prakash,1
3903851,2,1597091,5,4048334,Ravi Aniruddha,0,21,10,12,0,3,210.00,RHB,not out,0
3903851,2,1597091,6,5994303,Srikanth T K,0,0,2,1,0,0,0.00,RHB,c Shreenidhi Prakash b BHARATH G S AGASTHYA,1
3903859,1,1597088,1,8556484,Srinidhi NS,0,6,6,3,0,0,100.00,RHB,retired hurt,1
3903859,1,1597088,2,8453971,Srikanth Krishnamurthy,0,0,0,5,0,0,0.00,RHB,retired hurt,1
3903859,1,1597088,3,8445462,Prasad K S,1,2,6,2,0,0,33.33,RHB,retired hurt,1
3903859,1,1597088,4,1224122,Badriprasad,0,12,8,7,1,1,150.00,RHB,run out Pavan Kashyap,1
3903859,1,1597088,5,8445318,K S AKSHAY KAUSHIK,0,42,19,17,0,6,221.05,RHB,c †Ajith P b Pavan Kashyap,1
3903859,1,1597088,6,10052245,Amith,0,2,3,10,0,0,66.67,RHB,not out,0
3903859,2,1597084,1,5387685,Aprameya Guruprasad,0,9,6,2,0,1,150.00,RHB,c K S AKSHAY KAUSHIK b Srinidhi NS,1
3903859,2,1597084,2,8670699,Ajith P  (wk),0,8,12,21,1,0,66.67,RHB,not out,0
3903859,2,1597084,3,10052031,Yashu,0,16,6,3,1,2,266.67,RHB,retired hurt,1
3903859,2,1597084,4,8444682,Pavan Gautham,0,0,0,2,0,0,0.00,RHB,run out Srikanth Krishnamurthy,1
3903859,2,1597084,5,8814171,Pavan Raghavendra,0,0,2,4,0,0,0.00,RHB,b Badriprasad,1
3903859,2,1597084,6,8129644,Pavan Kashyap,1,26,13,8,0,4,200.00,RHB,not out,0
3903870,1,1597090,1,8445309,Sandeep,0,13,10,7,1,1,130.00,,retired,1
3903870,1,1597090,2,8444531,Shreenidhi Prakash,0,1,5,9,0,0,20.00,RHB,c †Sudhindhra b Prasanna,1
3903870,1,1597090,3,8445368,Jeethu,0,1,3,1,0,0,33.33,LHB,c †Sudhindhra b Sridhar,1
3903870,1,1597090,4,8469155,Krishna Mys,0,1,2,2,0,0,50.00,RHB,retired,1
3903870,1,1597090,5,8445342,Guruprasad Ramachandrachar,0,6,7,10,0,0,85.71,LHB,not out,0
3903870,1,1597090,6,4416809,BHARATH G S AGASTHYA,0,38,15,7,3,4,253.33,RHB,not out,0
3903870,2,1597085,1,809867,Prabhav PK,0,6,4,3,1,0,150.00,RHB,not out,0
3903870,2,1597085,2,809163,Pranav PK,0,15,13,7,0,2,115.38,RHB,c Jeethu b BHARATH G S AGASTHYA,1
3903870,2,1597085,3,8556544,Sudhindhra,0,8,5,5,0,1,160.00,RHB,not out,0
3903870,2,1597085,4,8445414,Tej,0,0,1,1,0,0,0.00,RHB,c&b Guruprasad Ramachandrachar,1
3903870,2,1597085,5,8445292,Mahesh,0,4,7,6,0,0,57.14,LHB,run out Shreenidhi Prakash,1
3903870,2,1597085,6,5922441,Prasanna,0,8,6,5,0,1,133.33,RHB,run out Shreenidhi Prakash / BHARATH G S AGASTHYA,1
3903870,2,1597085,7,8469156,Sridhar,0,7,6,4,0,1,116.67,RHB,c Jeethu b Shreenidhi Prakash,1
3903903,1,1597087,1,8578931,Srihari,0,3,3,4,0,0,100.00,LHB,retired,1
3903903,1,1597087,2,8846097,Vishnunandan,0,7,4,7,0,1,175.00,LHB,retired,1
3903903,1,1597087,3,8445420,Madhusudhan K S  (wk),0,5,5,3,0,0,100.00,RHB,retired,1
3903903,1,1597087,4,8452770,Ashrith Kashyap,0,60,17,9,2,8,352.94,RHB,not out,0
3903903,1,1597087,5,10031492,Mady,0,43,14,9,1,6,307.14,RHB,not out,0
3903903,2,1597091,1,8445356,Pradyumna,0,9,5,2,0,1,180.00,RHB,run out Vishnunandan,1
3903903,2,1597091,2,4143096,Aniruddha Dv,0,1,2,4,0,0,50.00,RHB,b Mady,1
3903903,2,1597091,3,10046726,Shrivatsa Hatwar,0,3,6,2,0,0,50.00,RHB,retired,1
3903903,2,1597091,4,8445499,Paneendra Gautham,0,10,7,9,0,1,142.86,RHB,not out,0
3903903,2,1597091,5,5994303,Srikanth T K,0,6,6,2,0,1,100.00,RHB,c †Madhusudhan K S b Anantha Madhava,1
3903903,2,1597091,6,4048334,Ravi Aniruddha,1,49,16,6,0,8,306.25,RHB,not out,0
3903906,1,1597085,1,809867,Prabhav PK,0,3,6,2,0,0,50.00,RHB,retired,1
3903906,1,1597085,2,809163,Pranav PK,0,10,13,29,1,0,76.92,RHB,hit wkt b K S AKSHAY KAUSHIK,1
3903906,1,1597085,3,8556544,Sudhindhra,0,9,4,14,0,1,225.00,RHB,retired,1
3903906,1,1597085,4,8445414,Tej,0,41,15,7,1,6,273.33,RHB,b Srikanth Krishnamurthy,1
3903906,1,1597085,5,5922441,Prasanna,1,10,6,4,0,1,166.67,RHB,not out,0
3903906,2,1597088,1,8556484,Srinidhi NS,0,6,5,3,0,1,120.00,RHB,retired out,1
3903906,2,1597088,2,7662592,Vittala,0,7,3,9,0,1,233.33,RHB,b Tej,1
3903906,2,1597088,3,8445462,Prasad K S,1,9,7,2,0,1,128.57,RHB,retired,1
3903906,2,1597088,4,8445318,K S AKSHAY KAUSHIK,0,30,19,11,0,4,157.89,RHB,c Tej b Sridhar,1
3903906,2,1597088,5,1224122,Badriprasad,0,2,6,3,0,0,33.33,RHB,c Tej b Pranav PK,1
3903906,2,1597088,6,10052245,Amith,0,3,3,4,0,0,100.00,RHB,not out,0
3903911,1,1597091,1,8445356,Pradyumna,0,6,6,2,1,0,100.00,RHB,retired out,1
3903911,1,1597091,2,4143096,Aniruddha Dv,0,1,3,9,0,0,33.33,RHB,c †Ajith P b Pavan Raghavendra,1
3903911,1,1597091,3,10046726,Shrivatsa Hatwar,0,1,6,2,0,0,16.67,RHB,retired out,1
3903911,1,1597091,4,8445499,Paneendra Gautham,0,20,8,4,0,3,250.00,RHB,c&b Pavan Raghavendra,1
3903911,1,1597091,5,5994303,Srikanth T K,0,32,14,8,1,4,228.57,RHB,not out,0
3903911,1,1597091,6,4048334,Ravi Aniruddha,1,1,5,5,0,0,20.00,RHB,run out Aprameya Guruprasad / Pavan Kashyap,1
3903911,1,1597091,7,6508655,Sudharshan,0,0,0,1,0,0,0.00,RHB,run out Yashu,1
3903911,2,1597084,1,5387685,Aprameya Guruprasad,0,9,6,2,0,1,150.00,RHB,retired out,1
3903911,2,1597084,2,8670699,Ajith P  (wk),0,0,1,4,0,0,0.00,RHB,c Aniruddha Dv b Paneendra Gautham,1
3903911,2,1597084,3,10052031,Yashu,0,11,6,2,1,1,183.33,RHB,retired hurt,1
3903911,2,1597084,4,8444682,Pavan Gautham,0,14,8,7,0,2,175.00,RHB,c Srikanth T K b Ravi Aniruddha,1
3903911,2,1597084,5,10047098,Aditya Hatwar,0,11,9,1,1,1,122.22,RHB,b Srikanth T K,1
3903911,2,1597084,6,8129644,Pavan Kashyap,1,12,11,9,1,1,109.09,RHB,run out Paneendra Gautham,1
3903911,2,1597084,7,8814171,Pavan Raghavendra,0,7,4,1,0,1,175.00,RHB,c Ravi Aniruddha b Paneendra Gautham,1
3903911,2,1597084,8,10052056,Pavan Bharadwaj,0,0,0,2,0,0,0.00,RHB,not out,0
3903922,1,1597087,1,8578931,Srihari,0,2,6,1,0,0,33.33,LHB,retired out,1
3903922,1,1597087,2,8846097,Vishnunandan,0,1,1,6,0,0,100.00,LHB,retired hurt,1
3903922,1,1597087,3,8445420,Madhusudhan K S,0,6,5,4,0,0,120.00,RHB,retired hurt,1
3903922,1,1597087,4,8445343,Anantha Madhava,0,11,14,6,0,1,78.57,RHB,retired hurt,1
3903922,1,1597087,5,10031492,Mady,0,21,11,12,0,3,190.91,RHB,not out,0
3903922,1,1597087,6,8444550,Bharadwaj Srivatsa,1,1,2,1,0,0,50.00,RHB,run out BHARATH G S AGASTHYA,1
3903922,1,1597087,7,8452770,Ashrith Kashyap,0,24,7,7,1,3,342.86,RHB,run out Jeethu,1
3903922,2,1597090,1,8445309,Sandeep,0,2,6,2,0,0,33.33,,retired out,1
3903922,2,1597090,2,8444531,Shreenidhi Prakash,0,16,19,13,0,2,84.21,RHB,c&b Vishnunandan,1
3903922,2,1597090,3,10031570,Sridhar Ramchandrachar,0,1,1,2,0,0,100.00,LHB,not out,0
3903922,2,1597090,4,8445342,Guruprasad Ramachandrachar,1,7,4,2,0,1,175.00,LHB,c Ashrith Kashyap b Bharadwaj Srivatsa,1
3903922,2,1597090,5,4416809,BHARATH G S AGASTHYA,0,0,1,1,0,0,0.00,RHB,b Anantha Madhava,1
3903922,2,1597090,6,8445368,Jeethu,0,9,9,4,0,1,100.00,LHB,c Bharadwaj Srivatsa b Ashrith Kashyap,1
3903922,2,1597090,7,8469155,Krishna Mys,0,6,3,2,1,0,200.00,RHB,not out,0
4009802,1,1597084,1,5387685,Aprameya Guruprasad,0,25,7,4,0,4,357.14,RHB,retired out,1
4009802,1,1597084,2,8670699,Ajith P,0,0,3,8,0,0,0.00,RHB,run out Vishnunandan,1
4009802,1,1597084,3,10052031,Yashu  (wk),0,9,6,2,0,1,150.00,RHB,retired out,1
4009802,1,1597084,4,8444682,Pavan Gautham,0,15,9,9,0,2,166.67,RHB,c&b Mady,1
4009802,1,1597084,5,8814171,Pavan Raghavendra,0,41,16,11,0,6,256.25,RHB,not out,0
4009802,1,1597084,6,8129644,Pavan Kashyap,1,6,2,3,0,1,300.00,RHB,not out,0
4009802,2,1597087,1,8578931,Srihari,0,1,7,2,0,0,14.29,LHB,retired hurt,1
4009802,2,1597087,2,8846097,Vishnunandan,0,0,1,6,0,0,0.00,LHB,retired out,1
4009802,2,1597087,3,8445420,Madhusudhan K S  (wk),0,2,6,2,0,0,33.33,RHB,retired out,1
4009802,2,1597087,4,8452770,Ashrith Kashyap,0,40,17,11,3,4,235.29,RHB,not out,0
4009802,2,1597087,5,10031492,Mady,0,22,10,11,0,3,220.00,RHB,run out Pavan Raghavendra,1
4009802,2,1597087,6,8444550,Bharadwaj Srivatsa,1,1,1,1,0,0,100.00,RHB,not out,0
4010295,1,1597091,1,8445356,Pradyumna,0,4,7,5,0,0,57.14,RHB,retired hurt,1
4010295,1,1597091,2,10046726,Shrivatsa Hatwar,0,1,6,7,0,0,16.67,RHB,retired hurt,1
4010295,1,1597091,3,5994303,Srikanth T K,0,45,16,5,0,7,281.25,RHB,not out,0
4010295,1,1597091,4,8445499,Paneendra Gautham,0,20,10,2,1,2,200.00,RHB,b BHARATH G S AGASTHYA,1
4010295,1,1597091,5,4048334,Ravi Aniruddha,0,0,1,1,0,0,0.00,RHB,c&b BHARATH G S AGASTHYA,1
4010295,1,1597091,6,4143096,Aniruddha Dv,0,0,1,1,0,0,0.00,RHB,b BHARATH G S AGASTHYA,1
4010295,1,1597091,7,6508655,Sudharshan,0,0,2,1,0,0,0.00,RHB,not out,0
4010295,2,1597090,1,8445309,Sandeep,0,2,6,2,0,0,33.33,,retired out,1
4010295,2,1597090,2,8444531,Shreenidhi Prakash,0,11,4,11,1,1,275.00,RHB,not out,0
4010295,2,1597090,3,10031570,Sridhar Ramchandrachar,0,3,6,3,0,0,50.00,LHB,retired out,1
4010295,2,1597090,4,8445342,Guruprasad Ramachandrachar,0,2,3,2,0,0,66.67,LHB,retired hurt,1
4010295,2,1597090,5,8445368,Jeethu,0,9,12,12,1,0,75.00,LHB,c Aniruddha Dv b Srikanth T K,1
4010295,2,1597090,6,4416809,BHARATH G S AGASTHYA,0,9,9,5,0,1,100.00,RHB,c †Shrivatsa Hatwar b Aniruddha Dv,1
4010295,2,1597090,7,15027628,Srisha Badarayan,0,1,2,1,0,0,50.00,RHB,not out,0
4010487,1,1597091,1,8445356,Pradyumna,0,2,6,3,0,0,33.33,RHB,retired out,1
4010487,1,1597091,2,4143096,Aniruddha Dv,0,7,10,11,1,0,70.00,RHB,retired hurt,1
4010487,1,1597091,3,10046726,Shrivatsa Hatwar,0,3,5,1,0,0,60.00,RHB,b Madhusudhan K S,1
4010487,1,1597091,4,8445499,Paneendra Gautham,0,8,9,7,0,1,88.89,RHB,not out,0
4010487,1,1597091,5,5994303,Srikanth T K,0,9,8,7,0,1,112.50,RHB,not out,0
4010487,1,1597091,6,4048334,Ravi Aniruddha,1,12,5,2,0,2,240.00,RHB,c †Madhusudhan K S b Mady,1
4010487,2,1597087,1,8578931,Srihari,0,3,6,2,0,0,50.00,LHB,retired hurt,1
4010487,2,1597087,2,8846097,Vishnunandan,0,0,1,4,0,0,0.00,LHB,retired hurt,1
4010487,2,1597087,3,8445420,Madhusudhan K S  (wk),0,13,6,2,0,2,216.67,RHB,retired out,1
4010487,2,1597087,4,10031492,Mady,0,8,4,2,0,1,200.00,RHB,not out,0
4010487,2,1597087,5,8452770,Ashrith Kashyap,0,25,6,2,0,4,416.67,RHB,not out,0
4010588,1,1597084,1,5387685,Aprameya Guruprasad,0,10,6,2,1,1,166.67,RHB,retired out,1
4010588,1,1597084,2,8670699,Ajith P,0,6,4,5,0,1,150.00,RHB,c Vishnunandan b Anantha Madhava,1
4010588,1,1597084,3,10052031,Yashu,0,12,6,2,1,1,200.00,RHB,retired hurt,1
4010588,1,1597084,4,8444682,Pavan Gautham,0,15,13,9,0,2,115.38,RHB,retired hurt,1
4010588,1,1597084,5,8814171,Pavan Raghavendra,0,33,10,11,0,5,330.00,RHB,not out,0
4010588,1,1597084,6,8129644,Pavan Kashyap,1,8,5,2,0,1,160.00,RHB,not out,0
4010588,2,1597087,1,8578931,Srihari,0,3,6,2,0,0,50.00,LHB,retired out,1
4010588,2,1597087,2,8846097,Vishnunandan,0,0,0,4,0,0,0.00,LHB,retired hurt,1
4010588,2,1597087,3,8445420,Madhusudhan K S,0,5,6,2,1,0,83.33,RHB,retired out,1
4010588,2,1597087,4,8452770,Ashrith Kashyap,0,61,13,11,1,9,469.23,RHB,not out,0
4010588,2,1597087,5,10031492,Mady,0,11,7,11,0,1,157.14,RHB,not out,0
6947210,1,1597088,1,8445356,Pradyumna,0,1,6,2,0,0,16.67,RHB,retired,1
6947210,1,1597088,2,6508655,Sudharshan,0,0,0,4,0,0,0.00,RHB,retired,1
6947210,1,1597088,3,8445462,Prasad K S,1,1,6,1,0,0,16.67,RHB,retired,1
6947210,1,1597088,4,8445318,K S AKSHAY KAUSHIK,0,18,12,11,0,2,150.00,RHB,b Pavan Gautham,1
6947210,1,1597088,5,19421271,Krishnamurthy,0,14,10,5,0,2,140.00,RHB,run out Praveena / BHARATH G S AGASTHYA,1
6947210,1,1597088,6,8444531,Shreenidhi Prakash,0,3,4,7,0,0,75.00,RHB,not out,0
6947210,1,1597088,7,8469156,Sridhar,0,17,4,1,1,2,425.00,RHB,not out,0
6947210,2,388115,1,8450899,Sandeep,0,3,7,6,0,0,42.86,LHB,retired,1
6947210,2,388115,2,8670699,Ajith P,0,1,3,10,0,0,33.33,RHB,retired hurt,1
6947210,2,388115,3,10052159,Praveena,1,9,3,4,2,0,300.00,RHB,retired hurt,1
6947210,2,388115,4,4416809,BHARATH G S AGASTHYA,0,40,12,5,1,6,333.33,RHB,not out,0
6947210,2,388115,5,8444682,Pavan Gautham,0,3,3,5,0,0,100.00,RHB,not out,0
6947241,1,1597091,1,20546462,Hrishikesha,0,0,1,1,0,0,0.00,RHB,c Mahesh b Srikrishna,1
6947241,1,1597091,2,4143096,Aniruddha Dv,0,4,7,11,0,0,57.14,RHB,c †Guruprasad Ramachandrachar b Paneendra Gautham,1
6947241,1,1597091,3,4048300,Vadiraj,0,2,11,7,0,0,18.18,RHB,not out,0
6947241,1,1597091,4,8445343,Anantha Madhava,0,7,4,2,0,1,175.00,RHB,c Jeethu b Badriprasad,1
6947241,1,1597091,5,5387685,Aprameya Guruprasad,0,4,6,6,0,0,66.67,RHB,c †Guruprasad Ramachandrachar b Badriprasad,1
6947241,1,1597091,6,4048334,Ravi Aniruddha,1,1,3,2,0,0,33.33,RHB,c&b Jeethu,1
6947241,1,1597091,7,8444668,Srisha Badarayana H S,0,12,11,6,1,1,109.09,RHB,run out Jeethu / Badriprasad,1
6947241,2,1597090,1,10052264,Srikrishna,0,7,6,4,0,1,116.67,RHB,retired hurt,1
6947241,2,1597090,2,8445499,Paneendra Gautham,0,0,1,8,0,0,0.00,RHB,retired hurt,1
6947241,2,1597090,3,8445420,Madhusudhan K S,0,0,6,2,0,0,0.00,RHB,retired hurt,1
6947241,2,1597090,4,8445292,Mahesh,0,1,2,1,0,0,50.00,LHB,c Anantha Madhava b Aniruddha Dv,1
6947241,2,1597090,5,1224122,Badriprasad,0,22,8,2,2,2,275.00,RHB,not out,0
6947241,2,1597090,6,8445368,Jeethu,0,0,0,1,0,0,0.00,LHB,not out,0
6948306,1,1597088,1,8445356,Pradyumna,0,12,6,1,1,1,200.00,RHB,retired hurt,1
6948306,1,1597088,2,6508655,Sudharshan,0,1,1,2,0,0,100.00,RHB,not out,0
6948306,1,1597088,3,8445462,Prasad K S,1,11,6,1,1,1,183.33,RHB,retired hurt,1
6948306,1,1597088,4,8444531,Shreenidhi Prakash,0,14,8,3,0,2,175.00,RHB,run out Tej,1
6948306,1,1597088,5,8445318,K S AKSHAY KAUSHIK,0,0,1,1,0,0,0.00,RHB,c Tej b Prasanna,1
6948306,1,1597088,6,8469156,Sridhar,0,7,5,7,0,1,140.00,RHB,run out Srinidhi NS,1
6948306,1,1597088,7,19421271,Krishnamurthy,0,29,15,5,1,4,193.33,RHB,not out,0
6948306,2,1597085,1,809867,Prabhav PK,0,0,6,4,0,0,0.00,RHB,retired out,1
6948306,2,1597085,2,8556484,Srinidhi NS,0,8,6,15,1,0,133.33,RHB,c K S AKSHAY KAUSHIK b Sudharshan,1
6948306,2,1597085,3,8556544,Sudhindhra,0,2,6,2,0,0,33.33,RHB,retired hurt,1
6948306,2,1597085,4,8445414,Tej,0,57,21,19,1,8,271.43,RHB,not out,0
6948306,2,1597085,5,8846097,Vishnunandan,0,3,5,10,0,0,60.00,LHB,not out,0
6948325,1,1597084,1,3542117,Amith P,0,1,2,3,0,0,50.00,RHB,retired hurt,1
6948325,1,1597084,2,8453971,Srikanth Krishnamurthy,0,0,4,5,0,0,0.00,RHB,retired hurt,1
6948325,1,1597084,3,10046726,Shrivatsa Hatwar,0,4,6,2,0,0,66.67,RHB,retired hurt,1
6948325,1,1597084,4,8129644,Pavan Kashyap,1,13,14,8,0,2,92.86,RHB,c Badriprasad b Jeethu,1
6948325,1,1597084,5,10031492,Mady,0,25,12,13,1,3,208.33,RHB,not out,0
6948325,1,1597084,6,8814171,Pavan Raghavendra,0,6,4,4,0,1,150.00,RHB,b Guruprasad Ramachandrachar,1
6948325,2,1597090,1,10052264,Srikrishna,0,1,7,5,0,0,14.29,RHB,retired hurt,1
6948325,2,1597090,2,8445499,Paneendra Gautham,0,10,8,24,0,1,125.00,RHB,not out,0
6948325,2,1597090,3,8445420,Madhusudhan K S,0,7,5,2,0,1,140.00,RHB,retired hurt,1
6948325,2,1597090,4,8445368,Jeethu,0,6,9,6,0,1,66.67,LHB,b Pavan Kashyap,1
6948325,2,1597090,5,8445342,Guruprasad Ramachandrachar,1,0,1,1,0,0,0.00,LHB,run out Balaji,1
6948325,2,1597090,6,1224122,Badriprasad,0,12,13,10,1,1,92.31,RHB,not out,0
6948350,1,1597087,1,8578931,Srihari,0,17,6,5,1,2,283.33,LHB,c Aniruddha Dv b Hrishikesha,1
6948350,1,1597087,2,7662592,Vittala  (wk),0,0,2,21,0,0,0.00,RHB,not out,0
6948350,1,1597087,3,10031570,Sridhar Ramchandrachar,0,7,5,5,1,0,140.00,LHB,run out Anantha Madhava,1
6948350,1,1597087,4,809163,Pranav PK,0,18,11,7,2,1,163.64,RHB,st †Aprameya Guruprasad b Anantha Madhava,1
6948350,1,1597087,5,8452770,Ashrith Kashyap,0,0,1,1,0,0,0.00,RHB,c Aniruddha Dv b Srisha Badarayana H S,1
6948350,1,1597087,6,8444550,Bharadwaj Srivatsa,1,6,4,1,0,1,150.00,RHB,b Srisha Badarayana H S,1
6948350,1,1597087,7,10047098,Aditya Hatwar,0,12,9,7,1,1,133.33,RHB,c Aprameya Guruprasad b Aniruddha Dv,1
6948350,2,1597091,1,20546462,Hrishikesha,0,0,6,1,0,0,0.00,RHB,b Srihari,1
6948350,2,1597091,2,4143096,Aniruddha Dv,0,7,3,3,0,1,233.33,RHB,c †Vittala b Aditya Hatwar,1
6948350,2,1597091,3,4048300,Vadiraj,0,2,6,1,0,0,33.33,RHB,c Srihari b Sridhar Ramchandrachar,1
6948350,2,1597091,4,8445343,Anantha Madhava,0,8,7,4,0,1,114.29,RHB,c Vittala b Pranav PK,1
6948350,2,1597091,5,5387685,Aprameya Guruprasad  (wk),0,0,1,2,0,0,0.00,RHB,run out Aditya Hatwar / Pranav PK,1
6948350,2,1597091,6,4048334,Ravi Aniruddha,1,6,9,7,1,0,66.67,RHB,c Vittala b Ashrith Kashyap,1
6948350,2,1597091,7,8444668,Srisha Badarayana H S,0,14,10,7,0,2,140.00,RHB,not out,0
6948371,1,1597085,1,809867,Prabhav PK,0,8,6,2,0,1,133.33,RHB,retired out,1
6948371,1,1597085,2,8556484,Srinidhi NS,0,0,0,4,0,0,0.00,RHB,retired hurt,1
6948371,1,1597085,3,8556544,Sudhindhra,0,1,6,1,0,0,16.67,RHB,retired out,1
6948371,1,1597085,4,8445414,Tej,0,44,18,23,0,7,244.44,RHB,c&b Yashu,1
6948371,1,1597085,5,5994303,Srikanth T K,0,19,8,27,0,3,237.50,RHB,b Ajith P,1
6948371,1,1597085,6,8846097,Vishnunandan,0,9,4,3,0,1,225.00,LHB,run out Praveena,1
6948371,1,1597085,7,5922441,Prasanna,1,1,1,1,0,0,100.00,RHB,not out,0
6948371,2,388115,1,8450899,Sandeep,0,6,6,2,1,0,100.00,LHB,retired hurt,1
6948371,2,388115,2,8670699,Ajith P,0,0,0,4,0,0,0.00,RHB,retired hurt,1
6948371,2,388115,3,10052159,Praveena,1,2,6,1,0,0,33.33,RHB,retired hurt,1
6948371,2,388115,4,4416809,BHARATH G S AGASTHYA,0,0,3,2,0,0,0.00,RHB,c Vishnunandan b Tej,1
6948371,2,388115,5,8444682,Pavan Gautham,0,24,14,10,0,3,171.43,RHB,not out,0
6948371,2,388115,6,8556507,Prabhanjan,0,6,13,7,0,0,46.15,RHB,not out,0
6948377,1,1597091,1,20546462,Hrishikesha,0,0,7,2,0,0,0.00,RHB,retired,1
6948377,1,1597091,2,4143096,Aniruddha Dv,0,6,3,6,0,1,200.00,RHB,c Mady b Srikanth Krishnamurthy,1
6948377,1,1597091,3,4048300,Vadiraj,0,2,6,2,0,0,33.33,RHB,retired hurt,1
6948377,1,1597091,4,4048334,Ravi Aniruddha,1,19,17,15,1,2,111.76,RHB,retired hurt,1
6948377,1,1597091,5,5387685,Aprameya Guruprasad,0,11,12,15,2,0,91.67,RHB,retired hurt,1
6948377,1,1597091,6,8445343,Anantha Madhava,0,0,0,2,0,0,0.00,RHB,not out,0
6948377,1,1597091,7,8444668,Srisha Badarayana H S,0,7,4,1,0,1,175.00,RHB,not out,0
6948377,2,1597084,1,3542117,Amith P,0,15,6,2,0,2,250.00,RHB,retired hurt,1
6948377,2,1597084,2,8453971,Srikanth Krishnamurthy,0,0,0,5,0,0,0.00,RHB,retired hurt,1
6948377,2,1597084,3,10046726,Shrivatsa Hatwar,0,13,6,3,1,1,216.67,RHB,retired hurt,1
6948377,2,1597084,4,10031492,Mady,0,24,8,4,1,3,300.00,RHB,not out,0
6948377,2,1597084,5,8814171,Pavan Raghavendra,0,2,6,4,0,0,33.33,RHB,not out,0
6948381,1,1597088,1,8445356,Pradyumna,0,15,6,5,0,2,250.00,RHB,c †Vittala b Srihari,1
6948381,1,1597088,2,6508655,Sudharshan,0,1,2,7,0,0,50.00,RHB,c Sridhar Ramchandrachar b Ashrith Kashyap,1
6948381,1,1597088,3,8469156,Sridhar,0,4,9,9,0,0,44.44,RHB,c Bharadwaj Srivatsa b Ashrith Kashyap,1
6948381,1,1597088,4,8444531,Shreenidhi Prakash,0,5,8,3,1,0,62.50,RHB,b Pranav PK,1
6948381,1,1597088,5,8445318,K S AKSHAY KAUSHIK,0,8,12,12,0,1,66.67,RHB,c Pranav PK b Ashrith Kashyap,1
6948381,1,1597088,6,19421271,Krishnamurthy,0,8,9,5,0,1,88.89,RHB,not out,0
6948381,1,1597088,7,8445462,Prasad K S,1,0,0,2,0,0,0.00,RHB,not out,0
6948381,2,1597087,1,8578931,Srihari,0,8,6,2,0,1,133.33,LHB,b Pradyumna,1
6948381,2,1597087,2,8452770,Ashrith Kashyap,0,1,1,5,0,0,100.00,RHB,not out,0
6948381,2,1597087,3,10031570,Sridhar Ramchandrachar,0,4,6,1,0,0,66.67,LHB,b Prasad K S,1
6948381,2,1597087,4,8444550,Bharadwaj Srivatsa,1,14,11,11,1,1,127.27,RHB,b K S AKSHAY KAUSHIK,1
6948381,2,1597087,5,7662592,Vittala  (wk),0,18,15,14,0,2,120.00,RHB,b Sridhar,1
6948381,2,1597087,6,809163,Pranav PK,0,5,3,4,1,0,166.67,RHB,not out,0
7092207,1,1597085,1,809867,Prabhav PK,0,17,6,2,1,2,283.33,RHB,retired hurt,1
7092207,1,1597085,2,8556484,Srinidhi NS,0,3,5,9,0,0,60.00,RHB,retired hurt,1
7092207,1,1597085,3,8556544,Sudhindhra,0,1,3,2,0,0,33.33,RHB,retired out,1
7092207,1,1597085,4,8445414,Tej,0,20,10,5,0,3,200.00,RHB,run out Bharadwaj Srivatsa / Ashrith Kashyap,1
7092207,1,1597085,5,5994303,Srikanth T K,0,27,14,10,1,3,192.86,RHB,not out,0
7092207,1,1597085,6,8846097,Vishnunandan,0,0,4,1,0,0,0.00,LHB,retired hurt,1
7092207,1,1597085,7,5922441,Prasanna,1,0,1,1,0,0,0.00,RHB,st †Bharadwaj Srivatsa b Pranav PK,1
7092207,2,1597087,1,8578931,Srihari,0,7,6,4,0,1,116.67,LHB,c Tej b Prabhav PK,1
7092207,2,1597087,2,7662592,Vittala,0,0,0,6,0,0,0.00,RHB,retired hurt,1
7092207,2,1597087,3,10031570,Sridhar Ramchandrachar,0,1,6,1,0,0,16.67,LHB,b Sudhindhra,1
7092207,2,1597087,4,8444550,Bharadwaj Srivatsa  (c & wk),0,29,10,13,0,4,290.00,RHB,not out,0
7092207,2,1597087,5,809163,Pranav PK,0,1,2,1,0,0,50.00,RHB,b Srinidhi NS,1
7092207,2,1597087,6,8452770,Ashrith Kashyap,0,23,19,11,1,2,121.05,RHB,not out,0
7092606,1,1597088,1,8445356,Pradyumna,0,9,8,4,0,1,112.50,RHB,retired hurt,1
7092606,1,1597088,2,6508655,Sudharshan,0,0,2,10,0,0,0.00,RHB,c Mady b Srikanth Krishnamurthy,1
7092606,1,1597088,3,8445462,Prasad K S,1,15,8,4,2,0,187.50,RHB,run out Amith P,1
7092606,1,1597088,4,8444531,Shreenidhi Prakash,0,15,7,12,0,2,214.29,RHB,run out † Srikanth Krishnamurthy,1
7092606,1,1597088,5,19421271,Krishnamurthy,0,7,6,3,0,1,116.67,RHB,c †Srikanth Krishnamurthy b Mady,1
7092606,1,1597088,6,8469156,Sridhar,0,8,4,13,0,1,200.00,RHB,not out,0
7092606,1,1597088,7,8445318,K S AKSHAY KAUSHIK,0,14,12,7,0,2,116.67,RHB,b Mady,1
7092606,2,1597084,1,3542117,Amith P,0,3,7,3,0,0,42.86,RHB,c Krishnamurthy b Pradyumna,1
7092606,2,1597084,2,8453971,Srikanth Krishnamurthy  (wk),0,0,0,7,0,0,0.00,RHB,run out Shreenidhi Prakash,1
7092606,2,1597084,3,10046726,Shrivatsa Hatwar,0,9,6,4,0,1,150.00,RHB,retired out,1
7092606,2,1597084,4,8814171,Pavan Raghavendra,0,21,15,11,0,3,140.00,RHB,retired hurt,1
7092606,2,1597084,5,10031492,Mady,0,25,12,15,0,3,208.33,RHB,not out,0
7092606,2,1597084,6,8129644,Pavan Kashyap,1,7,5,4,0,1,140.00,RHB,not out,0
7093189,1,1597088,1,8445356,Pradyumna,0,7,6,6,1,0,116.67,RHB,run out Vittala,1
7093189,1,1597088,2,6508655,Sudharshan,0,0,0,7,0,0,0.00,RHB,retired hurt,1
7093189,1,1597088,3,8445462,Prasad K S,1,0,6,1,0,0,0.00,RHB,retired hurt,1
7093189,1,1597088,4,8445318,K S AKSHAY KAUSHIK,0,48,16,14,0,7,300.00,RHB,not out,0
7093189,1,1597088,5,8444531,Shreenidhi Prakash,0,32,17,13,2,3,188.24,RHB,not out,0
7093189,2,1597087,1,8578931,Srihari,0,2,6,3,0,0,33.33,LHB,retired out,1
7093189,2,1597087,2,7662592,Vittala,0,0,0,5,0,0,0.00,RHB,retired hurt,1
7093189,2,1597087,3,10031570,Sridhar Ramchandrachar,0,4,6,2,0,0,66.67,LHB,retired hurt,1
7093189,2,1597087,4,8452770,Ashrith Kashyap,0,53,19,14,1,7,278.95,RHB,not out,0
7093189,2,1597087,5,809163,Pranav PK,0,24,13,13,1,2,184.62,RHB,not out,0
7512871,1,1597085,1,809867,Prabhav PK  (wk),0,2,6,1,0,0,33.33,RHB,retired,1
7512871,1,1597085,2,8556484,Srinidhi NS,0,2,3,7,0,0,66.67,RHB,retired hurt,1
7512871,1,1597085,3,8556544,Sudhindhra,0,9,7,2,0,1,128.57,RHB,retired hurt,1
7512871,1,1597085,4,8445414,Tej,0,20,17,11,3,0,117.65,RHB,c Pranav PK b Aditya Hatwar,1
7512871,1,1597085,5,5994303,Srikanth T K,0,22,10,8,1,2,220.00,RHB,retired hurt,1
7512871,1,1597085,6,5922441,Prasanna,1,6,1,1,0,1,600.00,RHB,not out,0
7512871,1,1597085,7,8846097,Vishnunandan,0,0,0,1,0,0,0.00,LHB,not out,0
7512871,2,1597087,1,8578931,Srihari,0,4,6,3,1,0,66.67,LHB,c Tej b Prabhav PK,1
7512871,2,1597087,2,10047098,Aditya Hatwar,0,11,5,8,1,1,220.00,RHB,b Prasanna,1
7512871,2,1597087,3,10031570,Sridhar Ramchandrachar,0,2,6,2,0,0,33.33,LHB,c Vishnunandan b Sudhindhra,1
7512871,2,1597087,4,8452770,Ashrith Kashyap,0,28,12,14,1,3,233.33,RHB,c Tej b Vishnunandan,1
7512871,2,1597087,5,809163,Pranav PK,0,0,3,1,0,0,0.00,RHB,b Tej,1
7512871,2,1597087,6,8444550,Bharadwaj Srivatsa,1,1,3,1,0,0,33.33,RHB,c Srinidhi NS b Prasanna,1
7512871,2,1597087,7,7662592,Vittala,0,8,5,9,0,1,160.00,RHB,not out,0
10869150,1,6733389,1,24597937,Pradhdhyumna Kashyap HP,0,7,6,2,0,1,116.67,RHB,c Pavan Gautham b Sandeep,1
10869150,1,6733389,2,6508655,Sudharshan,0,0,0,5,0,0,0.00,RHB,retired,1
10869150,1,6733389,3,8445462,Prasad K S,1,0,6,2,0,0,0.00,RHB,c Raghunandan b Praveena,1
10869150,1,6733389,4,8444531,Shreenidhi Prakash,0,14,11,5,0,2,127.27,RHB,c Raghunandan b Achuth,1
10869150,1,6733389,5,8445318,K S AKSHAY KAUSHIK,0,19,13,9,0,2,146.15,RHB,not out,0
10869150,1,6733389,6,29631807,Krishnamoorthy,0,7,7,4,0,1,100.00,RHB,not out,0
10869150,2,3881115,1,8450899,Sandeep,0,3,6,3,0,0,50.00,LHB,run out Sridhar,1
10869150,2,3881115,2,8670699,Ajith P,0,0,0,6,0,0,0.00,RHB,retired,1
10869150,2,3881115,3,10052159,Praveena,1,4,6,2,0,0,66.67,RHB,retired,1
10869150,2,3881115,4,10052031,Yashu,0,4,6,9,0,0,66.67,RHB,run out Shreenidhi Prakash,1
10869150,2,3881115,5,8444682,Pavan Gautham,0,6,7,6,1,0,85.71,RHB,not out,0
10869150,2,3881115,6,19645071,Achuth,0,38,11,5,0,6,345.45,RHB,not out,0
10869160,1,6767128,1,10075428,Prabhav  Krishna,0,2,6,2,0,0,33.33,RHB,retired out,1
10869160,1,6767128,2,8846097,Vishnunandan,0,0,0,6,0,0,0.00,LHB,retired,1
10869160,1,6767128,3,8556544,Sudhindhra,0,3,8,3,0,0,37.50,RHB,retired out,1
10869160,1,6767128,4,5922441,Prasanna,1,24,10,10,0,3,240.00,RHB,not out,0
10869160,1,6767128,5,8445414,Tej,0,40,16,9,0,6,250.00,RHB,c †Srisha Badarayana H S b Aprameya Guruprasad,1
10869160,1,6767128,6,5994303,Srikanth T K,0,6,2,1,0,1,300.00,RHB,c Aprameya Guruprasad b Anantha Madhava,1
10869160,1,6767128,7,8556484,Srinidhi NS,0,1,2,1,0,0,50.00,RHB,st †Srisha Badarayana H S b Aprameya Guruprasad,1
10869160,2,6767132,1,29631917,Hrishikesha,0,1,6,2,0,0,16.67,RHB,retired,1
10869160,2,6767132,2,10339400,Aprameya Guruprasad,0,31,15,12,3,3,206.67,RHB,not out,0
10869160,2,6767132,3,4048300,Vadiraj,0,12,8,5,0,2,150.00,RHB,run out Prabhav  Krishna,1
10869160,2,6767132,4,8445343,Anantha Madhava,0,1,5,1,0,0,20.00,RHB,c Prabhav  Krishna b Vishnunandan,1
10869160,2,6767132,5,4048334,Ravi Aniruddha,1,6,4,1,0,1,150.00,RHB,c Tej b Srinidhi NS,1
10869160,2,6767132,6,4143096,Aniruddha Dv,0,7,4,6,0,1,175.00,RHB,c Prabhav  Krishna b Vishnunandan,1
10869160,2,6767132,7,8444668,Srisha Badarayana H S  (wk),0,0,2,1,0,0,0.00,RHB,c&b Vishnunandan,1
10869162,1,1597084,1,3542117,Amith P,0,7,6,1,0,1,116.67,RHB,c †Madhusudhan K S b Anantha,1
10869162,1,1597084,2,14211268,Pramit,0,5,8,11,0,0,62.50,RHB,c Jeethu b Guruprasad Ramachandrachar,1
10869162,1,1597084,3,10046726,Shrivatsa Hatwar,0,2,6,2,0,0,33.33,RHB,c †Guruprasad Ramachandrachar b Madhusudhan K S,1
10869162,1,1597084,4,10031492,Mady,0,14,7,3,0,2,200.00,RHB,c †Madhusudhan K S b Badriprasad,1
10869162,1,1597084,5,8129644,Pavan Kashyap,1,0,2,1,0,0,0.00,RHB,c&b Guruprasad Ramachandrachar,1
10869162,1,1597084,6,8814171,Pavan Raghavendra,0,44,9,6,0,7,488.89,RHB,not out,0
10869162,1,1597084,7,19048034,Balaji,0,2,4,5,0,0,50.00,RHB,not out,0
10869162,2,6767134,1,10117071,Anantha,0,1,7,2,0,0,14.29,RHB,retired hurt,1
10869162,2,6767134,2,8445292,Mahesh,0,0,1,7,0,0,0.00,LHB,run out Pramit,1
10869162,2,6767134,3,8445420,Madhusudhan K S  (wk),0,2,6,3,0,0,33.33,RHB,not out,0
10869162,2,6767134,4,8445342,Guruprasad Ramachandrachar  (c & wk),0,0,2,1,0,0,0.00,LHB,b Mady,1
10869162,2,6767134,5,8445368,Jeethu,0,19,8,3,0,3,237.50,LHB,c Amith P b Pramit,1
10869162,2,6767134,6,8445499,Paneendra Gautham,0,2,8,9,0,0,25.00,RHB,c Pavan Raghavendra b Mady,1
10869162,2,6767134,7,1224122,Badriprasad,0,21,11,10,0,3,190.91,RHB,not out,0
10869170,1,6733389,1,24597937,Pradhdhyumna Kashyap HP,0,12,6,8,1,1,200.00,RHB,retired out,1
10869170,1,6733389,2,6508655,Sudharshan,0,2,2,15,0,0,100.00,RHB,not out,0
10869170,1,6733389,3,8445462,Prasad K S,1,7,6,3,1,0,116.67,RHB,retired hurt,1
10869170,1,6733389,4,8445318,K S AKSHAY KAUSHIK,0,37,16,9,6,2,231.25,RHB,not out,0
10869170,1,6733389,5,8444531,Shreenidhi Prakash,0,4,9,3,1,0,44.44,RHB,c Aditya Hatwar b Pranav PK,1
10869170,1,6733389,6,29631807,Krishnamoorthy,0,0,4,1,0,0,0.00,RHB,c&b Ashrith Kashyap,1
10869170,2,6767130,1,8578931,Srihari,0,8,6,1,0,1,133.33,LHB,retired hurt,1
10869170,2,6767130,2,7662592,Vittala,0,0,0,7,0,0,0.00,RHB,not out,0
10869170,2,6767130,3,29631844,Sridhar Dixit,0,15,8,4,0,2,187.50,LHB,not out,0
10869170,2,6767130,4,8452770,Ashrith Kashyap,0,1,3,3,0,0,33.33,RHB,c Sridhar b Sudharshan,1
10869170,2,6767130,5,809163,Pranav PK,0,23,11,7,1,3,209.09,RHB,c Krishnamoorthy b Sridhar,1
10869170,2,6767130,6,8444550,Bharadwaj Srivatsa,1,14,6,6,0,2,233.33,RHB,c Shreenidhi Prakash b Sudharshan,1
10869170,2,6767130,7,10047098,Aditya Hatwar,0,0,1,1,0,0,0.00,RHB,c Shreenidhi Prakash b Sridhar,1
10869175,1,6767128,1,10075428,Prabhav  Krishna,0,2,6,3,0,0,33.33,RHB,retired out,1
10869175,1,6767128,2,8846097,Vishnunandan  (wk),0,0,0,4,0,0,0.00,LHB,retired,1
10869175,1,6767128,3,8556544,Sudhindhra,0,1,6,1,0,0,16.67,RHB,retired out,1
10869175,1,6767128,4,8445414,Tej,0,13,7,2,0,2,185.71,RHB,c Jeethu b Guruprasad Ramachandrachar,1
10869175,1,6767128,5,5922441,Prasanna,1,3,5,8,0,0,60.00,RHB,c Guruprasad Ramachandrachar b Jeethu,1
10869175,1,6767128,6,5994303,Srikanth T K,0,28,16,9,2,3,175.00,RHB,run out Paneendra Gautham,1
10869175,1,6767128,7,8556484,Srinidhi NS,0,2,2,3,0,0,100.00,RHB,not out,0
10869175,2,6767134,1,10117071,Anantha,0,1,6,1,0,0,16.67,RHB,b Prabhav  Krishna,1
10869175,2,6767134,2,8445292,Mahesh,0,14,7,13,0,2,200.00,LHB,c Vishnunandan b Srinidhi NS,1
10869175,2,6767134,3,8445420,Madhusudhan K S,0,13,6,2,0,2,216.67,RHB,retired out,1
10869175,2,6767134,4,8445368,Jeethu,0,7,4,2,0,1,175.00,LHB,c Vishnunandan b Tej,1
10869175,2,6767134,5,8445499,Paneendra Gautham,0,2,4,7,0,0,50.00,RHB,c Vishnunandan b Srikanth T K,1
10869175,2,6767134,6,1224122,Badriprasad,0,3,11,10,0,0,27.27,RHB,run out Srinidhi NS,1
10869175,2,6767134,7,8445342,Guruprasad Ramachandrachar,1,0,3,3,0,0,0.00,LHB,c †Vishnunandan b Srinidhi NS,1
10869184,1,6767132,1,29631917,Hrishikesha,0,1,6,1,0,0,16.67,RHB,retired out,1
10869184,1,6767132,2,10339400,Aprameya Guruprasad,0,8,8,7,0,1,100.00,RHB,retired hurt,1
10869184,1,6767132,3,4048300,Vadiraj,0,1,6,2,0,0,16.67,RHB,retired out,1
10869184,1,6767132,4,8445343,Anantha Madhava,0,18,10,4,1,2,180.00,RHB,retired hurt,1
10869184,1,6767132,5,8444668,Srisha Badarayana H S  (wk),0,1,4,1,0,0,25.00,RHB,c&b BHARATH G S AGASTHYA,1
10869184,1,6767132,6,4143096,Aniruddha Dv,0,9,7,3,0,1,128.57,RHB,not out,0
10869184,1,6767132,7,4048334,Ravi Aniruddha,1,1,1,2,0,0,100.00,RHB,not out,0
10869184,2,3881115,1,8450899,Sandeep,0,1,8,4,0,0,12.50,LHB,b Ravi Aniruddha,1
10869184,2,3881115,2,8670699,Ajith P,0,0,0,1,0,0,0.00,RHB,run out Aniruddha Dv,1
10869184,2,3881115,3,8444682,Pavan Gautham,0,2,4,7,0,0,50.00,RHB,c †Srisha Badarayana H S b Anantha Madhava,1
10869184,2,3881115,4,10052159,Praveena,1,2,6,2,0,0,33.33,RHB,retired out,1
10869184,2,3881115,5,10052031,Yashu,0,9,8,6,0,1,112.50,RHB,c Aprameya Guruprasad b Aniruddha Dv,1
10869184,2,3881115,6,4416809,BHARATH G S AGASTHYA,0,19,11,7,0,3,172.73,RHB,c Aniruddha Dv b Aprameya Guruprasad,1
10869184,2,3881115,7,29632164,Raghunandan,0,2,5,7,0,0,40.00,RHB,not out,0
10869193,1,6767130,1,8578931,Srihari,0,4,6,2,0,0,66.67,LHB,retired hurt,1
10869193,1,6767130,2,10047098,Aditya Hatwar,0,13,10,11,1,1,130.00,RHB,retired hurt,1
10869193,1,6767130,3,29631844,Sridhar Dixit,0,2,5,3,0,0,40.00,LHB,c Pavan Kashyap b Balaji,1
10869193,1,6767130,4,809163,Pranav PK,0,14,7,10,1,1,200.00,RHB,not out,0
10869193,1,6767130,5,8452770,Ashrith Kashyap,0,30,9,4,2,3,333.33,RHB,run out Pavan Kashyap / Pavan Raghavendra,1
10869193,2,1597084,1,3542117,Amith P,0,8,6,5,0,1,133.33,RHB,retired hurt,1
10869193,2,1597084,2,19048034,Balaji,0,0,0,2,0,0,0.00,RHB,not out,0
10869193,2,1597084,3,10046726,Shrivatsa Hatwar,0,9,7,3,0,1,128.57,RHB,retired out,1
10869193,2,1597084,4,8129644,Pavan Kashyap,1,12,9,7,0,2,133.33,RHB,run out Bharadwaj Srivatsa / Pranav PK,1
10869193,2,1597084,5,10031492,Mady,0,6,10,9,1,0,60.00,RHB,run out Sridhar Dixit / Ashrith Kashyap,1
10869193,2,1597084,6,8814171,Pavan Raghavendra,0,8,5,2,0,1,160.00,RHB,not out,0
12170931,1,3881115,1,8450899,Sandeep,0,4,8,2,0,0,50.00,LHB,b Mady,1
12170931,1,3881115,2,8670699,Ajith P  (wk),0,2,4,34,0,0,50.00,RHB,not out,0
12170931,1,3881115,3,10052159,Praveena,1,3,6,2,0,0,50.00,RHB,retired out,1
12170931,1,3881115,4,29632164,Raghunandan,0,24,20,14,2,2,120.00,RHB,not out,0
12170931,1,3881115,5,8444682,Pavan Gautham,0,0,0,1,0,0,0.00,RHB,run out Mady,1
12170931,1,3881115,6,10052031,Yashu,0,7,2,2,0,1,350.00,RHB,run out Mady,1
12170931,1,3881115,7,4416809,BHARATH G S AGASTHYA,0,0,3,2,0,0,0.00,RHB,c †Srikanth Krishnamurthy b Mady,1
12170931,2,1597084,1,3542117,Amith P,0,2,6,2,0,0,33.33,RHB,b Sandeep,1
12170931,2,1597084,2,8453971,Srikanth Krishnamurthy  (wk),0,2,8,10,0,0,25.00,RHB,c †Ajith P b Yashu,1
12170931,2,1597084,3,10046726,Shrivatsa Hatwar,0,1,6,2,0,0,16.67,RHB,retired out,1
12170931,2,1597084,4,8814171,Pavan Raghavendra,0,32,14,9,3,3,228.57,RHB,not out,0
12170931,2,1597084,5,10031492,Mady,0,0,2,3,0,0,0.00,RHB,b Ajith P,1
12170931,2,1597084,6,19048034,Balaji,0,0,1,1,0,0,0.00,RHB,not out,0
12172071,1,6767128,1,10075428,Prabhav  Krishna,0,1,6,1,0,0,16.67,RHB,retired out,1
12172071,1,6767128,2,8846097,Vishnunandan,0,1,1,4,0,0,100.00,LHB,retired hurt,1
12172071,1,6767128,3,8556544,Sudhindhra,0,8,6,2,0,1,133.33,RHB,retired hurt,1
12172071,1,6767128,4,8445414,Tej,0,8,9,3,0,1,88.89,RHB,c Pranav PK b Vittala,1
12172071,1,6767128,5,5922441,Prasanna,1,16,13,11,1,1,123.08,RHB,not out,0
12172071,1,6767128,6,5994303,Srikanth T K,0,2,5,5,0,0,40.00,RHB,c Bharadwaj Srivatsa b Aditya Hatwar,1
12172071,1,6767128,7,8556484,Srinidhi NS,0,3,4,2,0,0,75.00,RHB,not out,0
12172071,2,6767130,1,8578931,Srihari,0,2,6,3,0,0,33.33,LHB,retired hurt,1
12172071,2,6767130,2,7662592,Vittala,0,0,0,6,0,0,0.00,RHB,retired hurt,1
12172071,2,6767130,3,29631844,Sridhar Dixit,0,9,7,2,0,1,128.57,LHB,retired out,1
12172071,2,6767130,4,10047098,Aditya Hatwar,0,2,4,6,0,0,50.00,RHB,b Srinidhi NS,1
12172071,2,6767130,5,8452770,Ashrith Kashyap,0,17,7,3,1,2,242.86,RHB,run out Tej,1
12172071,2,6767130,6,809163,Pranav PK,0,2,5,6,0,0,40.00,RHB,not out,0
12172071,2,6767130,7,8444550,Bharadwaj Srivatsa,1,8,3,3,0,1,266.67,RHB,not out,0
12173205,1,3881115,1,8450899,Sandeep,0,2,7,4,0,0,28.57,LHB,retired out,1
12173205,1,3881115,2,8670699,Ajith P,0,0,0,3,0,0,0.00,RHB,run out Pranav PK,1
12173205,1,3881115,3,8444682,Pavan Gautham,0,19,12,15,1,2,158.33,RHB,not out,0
12173205,1,3881115,4,10052159,Praveena,1,1,7,2,0,0,14.29,RHB,retired hurt,1
12173205,1,3881115,5,10052031,Yashu,0,1,6,4,0,0,16.67,RHB,retired hurt,1
12173205,1,3881115,6,4416809,BHARATH G S AGASTHYA,0,23,12,7,2,2,191.67,RHB,not out,0
12173205,2,6767130,1,8578931,Srihari,0,2,6,1,0,0,33.33,LHB,retired hurt,1
12173205,2,6767130,2,10047098,Aditya Hatwar,0,8,7,7,0,1,114.29,RHB,c&b BHARATH G S AGASTHYA,1
12173205,2,6767130,3,29631844,Sridhar Dixit,0,9,6,2,0,1,150.00,LHB,retired out,1
12173205,2,6767130,4,8452770,Ashrith Kashyap,0,23,12,6,1,3,191.67,RHB,not out,0
12173205,2,6767130,5,809163,Pranav PK,0,6,3,2,0,1,200.00,RHB,not out,0
12174087,1,6767130,1,8578931,Srihari,0,7,6,1,0,1,116.67,LHB,c Shrivatsa Hatwar b Amith P,1
12174087,1,6767130,2,7662592,Vittala  (wk),0,6,10,12,1,0,60.00,RHB,run out Amith P / Pavan Raghavendra,1
12174087,1,6767130,3,29631844,Sridhar Dixit,0,7,7,4,1,0,100.00,LHB,retired out,1
12174087,1,6767130,4,10047098,Aditya Hatwar,0,1,4,3,0,0,25.00,RHB,b Mady,1
12174087,1,6767130,5,8452770,Ashrith Kashyap,0,19,8,7,0,3,237.50,RHB,c Mady b Pavan Kashyap,1
12174087,1,6767130,6,809163,Pranav PK,0,2,4,2,0,0,50.00,RHB,c †Srikanth Krishnamurthy b Pavan Kashyap,1
12174087,1,6767130,7,8444550,Bharadwaj Srivatsa,1,10,5,3,1,1,200.00,RHB,b Mady,1
12174087,2,1597084,1,3542117,Amith P,0,6,7,3,1,0,85.71,RHB,retired out,1
12174087,2,1597084,2,8453971,Srikanth Krishnamurthy  (wk),0,0,0,9,0,0,0.00,RHB,retired hurt,1
12174087,2,1597084,3,10046726,Shrivatsa Hatwar,0,5,6,5,0,0,83.33,RHB,retired hurt,1
12174087,2,1597084,4,8814171,Pavan Raghavendra,0,6,10,6,0,1,60.00,RHB,c †Vittala b Ashrith Kashyap,1
12174087,2,1597084,5,10031492,Mady,0,33,14,9,0,5,235.71,RHB,not out,0
12174087,2,1597084,6,8129644,Pavan Kashyap,1,7,5,3,0,1,140.00,RHB,not out,0
17092597,1,6733389,1,24597937,Pradhdhyumna Kashyap HP,0,9,6,3,0,1,150.00,RHB,retired out,1
17092597,1,6733389,2,8469156,Sridhar,0,0,1,7,0,0,0.00,RHB,run out Pavan Kashyap,1
17092597,1,6733389,3,8445462,Prasad K S,1,3,6,3,0,0,50.00,RHB,retired out,1
17092597,1,6733389,4,8444531,Shreenidhi Prakash,0,12,10,5,0,2,120.00,RHB,b Pavan Kashyap,1
17092597,1,6733389,5,8445318,K S AKSHAY KAUSHIK,0,12,5,3,0,2,240.00,RHB,c †Shrivatsa Hatwar b Pavan DP,1
17092597,1,6733389,6,29631807,Krishnamoorthy,0,22,9,7,1,3,244.44,RHB,not out,0
17092597,1,6733389,7,6508655,Sudharshan,0,3,7,5,0,0,42.86,RHB,not out,0
17092597,2,1597084,1,3542117,Amith P,0,13,6,3,0,2,216.67,RHB,retired hurt,1
17092597,2,1597084,2,8453971,Srikanth Krishnamurthy,0,32,10,13,0,5,320.00,RHB,not out,0
17092597,2,1597084,3,19048034,Balaji,0,7,9,3,1,0,77.78,RHB,retired hurt,1
17092597,2,1597084,4,10031492,Mady,0,8,5,3,0,1,160.00,RHB,c Sridhar b Sudharshan,1
17092597,2,1597084,5,8129644,Pavan Kashyap,1,4,4,2,1,0,100.00,RHB,not out,0
17092604,1,6767132,1,4048300,Vadiraj,0,6,6,4,0,1,100.00,RHB,retired hurt,1
17092604,1,6767132,2,4048334,Ravi Aniruddha,1,24,12,10,1,3,200.00,RHB,c †Bharadwaj Srivatsa b Vittala,1
17092604,1,6767132,3,8444668,Srisha Badarayana H S,0,0,1,1,0,0,0.00,RHB,c&b Pranav PK,1
17092604,1,6767132,4,4143096,Aniruddha Dv,0,14,7,11,1,1,200.00,RHB,not out,0
17092604,1,6767132,5,8445343,Anantha Madhava,0,0,3,2,0,0,0.00,RHB,b Vittala,1
17092604,1,6767132,6,10339400,Aprameya Guruprasad,0,10,11,5,0,1,90.91,RHB,not out,0
17092604,2,6767130,1,29631844,Sridhar Dixit,0,3,6,4,0,0,50.00,LHB,retired hurt,1
17092604,2,6767130,2,10047098,Aditya Hatwar,0,0,0,4,0,0,0.00,RHB,retired hurt,1
17092604,2,6767130,3,8444550,Bharadwaj Srivatsa  (c & wk),0,25,13,6,0,4,192.31,RHB,run out Srisha Badarayana H S / Aprameya Guruprasad,1
17092604,2,6767130,4,8452770,Ashrith Kashyap,0,20,8,4,0,3,250.00,RHB,run out Ravi Aniruddha / Srisha Badarayana H S,1
17092604,2,6767130,5,809163,Pranav PK,0,12,6,3,0,2,200.00,RHB,not out,0
17092604,2,6767130,6,7662592,Vittala,0,1,3,2,0,0,33.33,RHB,not out,0
17092610,1,1597084,1,3542117,Amith P,0,12,6,2,1,1,200.00,RHB,retired hurt,1
17092610,1,1597084,2,8453971,Srikanth Krishnamurthy,0,27,14,14,1,3,192.86,RHB,not out,0
17092610,1,1597084,3,8129644,Pavan Kashyap,1,7,3,1,0,1,233.33,RHB,c Pavan Gautham b BHARATH G S AGASTHYA,1
17092610,1,1597084,4,10031492,Mady,0,13,8,4,1,1,162.50,RHB,run out BHARATH G S AGASTHYA,1
17092610,1,1597084,5,15348376,Pavan DP,0,21,6,5,2,2,350.00,RHB,not out,0
17092610,2,3881115,1,8450899,Sandeep,0,2,9,6,0,0,22.22,LHB,not out,0
17092610,2,3881115,2,8670699,Ajith P,0,0,1,2,0,0,0.00,RHB,c&b Pavan DP,1
17092610,2,3881115,3,4416809,BHARATH G S AGASTHYA,0,1,11,8,0,0,9.09,RHB,c Pavan Kashyap b Mady,1
17092610,2,3881115,4,8444682,Pavan Gautham,0,0,1,1,0,0,0.00,RHB,c Pavan Kashyap b Mady,1
17092610,2,3881115,5,29632164,Raghunandan,0,1,4,2,0,0,25.00,RHB,c Balaji b Pavan DP,1
17092610,2,3881115,6,10052031,Yashu,0,0,1,1,0,0,0.00,RHB,run out Pavan DP,1
17092610,2,3881115,7,10052159,Praveena,1,0,0,1,0,0,0.00,RHB,run out Mady,1
17092622,1,6767132,1,29631917,Hrishikesha,0,1,6,5,0,0,16.67,RHB,retired out,1
17092622,1,6767132,2,8444668,Srisha Badarayana H S,0,12,7,10,0,2,171.43,RHB,c Badriprasad b Guruprasad Ramachandrachar,1
17092622,1,6767132,3,4048300,Vadiraj,0,1,7,2,0,0,14.29,RHB,retired hurt,1
17092622,1,6767132,4,4048334,Ravi Aniruddha,1,14,16,10,1,1,87.50,RHB,c Badriprasad b Jeethu,1
17092622,1,6767132,5,4143096,Aniruddha Dv,0,4,7,7,0,0,57.14,RHB,not out,0
17092622,1,6767132,6,10339400,Aprameya Guruprasad,0,1,2,1,0,0,50.00,RHB,not out,0
17092622,2,6767134,1,10052264,Srikrishna,0,3,6,4,0,0,50.00,RHB,retired out,1
17092622,2,6767134,2,1224122,Badriprasad,0,0,0,5,0,0,0.00,RHB,retired hurt,1
17092622,2,6767134,3,8445420,Madhusudhan K S,0,9,8,1,0,1,112.50,RHB,retired hurt,1
17092622,2,6767134,4,8445292,Mahesh,0,15,7,3,0,2,214.29,LHB,not out,0
17092622,2,6767134,5,8445499,Paneendra Gautham,0,17,6,3,1,2,283.33,RHB,not out,0
17092631,1,3881115,1,8450899,Sandeep,0,7,6,2,0,1,116.67,LHB,retired out,1
17092631,1,3881115,2,29578223,Ajith P,0,1,4,14,0,0,25.00,RHB,retired hurt,1
17092631,1,3881115,3,4416809,BHARATH G S AGASTHYA,0,62,20,9,0,10,310.00,RHB,not out,0
17092631,1,3881115,4,8444682,Pavan Gautham,0,7,3,1,0,1,233.33,RHB,c Krishnamoorthy b Shreenidhi Prakash,1
17092631,1,3881115,5,10052031,Yashu,0,0,3,1,0,0,0.00,RHB,not out,0
17092631,2,6733389,1,24597937,Pradhdhyumna Kashyap HP,0,14,6,1,0,2,233.33,RHB,retired hurt,1
17092631,2,6733389,2,8469156,Sridhar,0,0,0,1,0,0,0.00,RHB,retired hurt,1
17092631,2,6733389,3,8445318,K S AKSHAY KAUSHIK,0,58,17,9,2,8,341.18,RHB,not out,0
17092631,2,6733389,4,8444531,Shreenidhi Prakash,0,14,13,9,0,2,107.69,RHB,not out,0
17092642,1,6767128,1,10075428,Prabhav  Krishna,0,2,7,3,0,0,28.57,RHB,retired out,1
17092642,1,6767128,2,8846097,Vishnunandan,0,0,0,3,0,0,0.00,LHB,retired hurt,1
17092642,1,6767128,3,8556484,Srinidhi NS,0,2,4,3,0,0,50.00,RHB,retired hurt,1
17092642,1,6767128,4,8445414,Tej,0,31,14,11,0,4,221.43,RHB,st †Srikanth Krishnamurthy b Balaji,1
17092642,1,6767128,5,5994303,Srikanth T K,0,16,14,11,0,2,114.29,RHB,not out,0
17092642,1,6767128,6,5922441,Prasanna,1,0,2,3,0,0,0.00,RHB,not out,0
17092642,2,1597084,1,3542117,Amith P,0,6,6,2,0,1,100.00,RHB,retired out,1
17092642,2,1597084,2,8453971,Srikanth Krishnamurthy  (wk),0,2,3,12,0,0,66.67,RHB,retired hurt,1
17092642,2,1597084,3,15348376,Pavan DP,0,24,16,8,2,2,150.00,RHB,c Tej b Vishnunandan,1
17092642,2,1597084,4,8129644,Pavan Kashyap,1,31,9,4,0,5,344.44,RHB,not out,0
17092642,2,1597084,5,10031492,Mady,0,3,3,3,0,0,100.00,RHB,not out,0
17092655,1,6733389,1,24597937,Pradhdhyumna Kashyap HP  (wk),0,18,6,4,0,3,300.00,RHB,retired hurt,1
17092655,1,6733389,2,8469156,Sridhar,0,6,5,10,0,1,120.00,RHB,not out,0
17092655,1,6733389,3,8445462,Prasad K S,1,8,6,1,0,1,133.33,RHB,retired out,1
17092655,1,6733389,4,8444531,Shreenidhi Prakash,0,12,5,2,0,2,240.00,RHB,c Guruprasad Ramachandrachar b Badriprasad,1
17092655,1,6733389,5,8445318,K S AKSHAY KAUSHIK,0,23,13,12,1,3,176.92,RHB,not out,0
17092655,1,6733389,6,29631807,Krishnamoorthy,0,19,8,5,0,3,237.50,RHB,c Guruprasad Ramachandrachar b Paneendra Gautham,1
17092655,2,6767134,1,10052264,Srikrishna,0,2,6,3,0,0,33.33,RHB,retired out,1
17092655,2,6767134,2,1224122,Badriprasad,0,7,4,9,0,1,175.00,RHB,c&b Shreenidhi Prakash,1
17092655,2,6767134,3,8445420,Madhusudhan K S,0,22,8,12,0,3,275.00,RHB,not out,0
17092655,2,6767134,4,8445292,Mahesh,0,0,1,1,0,0,0.00,LHB,c Prasad K S b Shreenidhi Prakash,1
17092655,2,6767134,5,8445368,Jeethu,0,32,15,18,1,4,213.33,LHB,c K S AKSHAY KAUSHIK b Krishnamoorthy,1
17092655,2,6767134,6,8445499,Paneendra Gautham,0,19,6,4,0,3,316.67,RHB,st †Pradhdhyumna Kashyap HP b Sudharshan,1
17092655,2,6767134,7,8445342,Guruprasad Ramachandrachar,1,0,2,3,0,0,0.00,LHB,run out Shreenidhi Prakash,1
17092655,2,6767134,8,10117071,Anantha,0,2,1,2,0,0,200.00,RHB,not out,0
17092657,1,6767130,1,29631844,Sridhar Dixit,0,0,6,2,0,0,0.00,LHB,retired out,1
17092657,1,6767130,2,7662592,Vittala,0,0,0,3,0,0,0.00,RHB,retired hurt,1
17092657,1,6767130,3,8452770,Ashrith Kashyap,0,22,8,9,0,3,275.00,RHB,run out Vishnunandan,1
17092657,1,6767130,4,809163,Pranav PK,0,48,22,10,1,6,218.18,RHB,run out Srikanth T K,1
17092657,1,6767130,5,8444550,Bharadwaj Srivatsa,1,0,0,1,0,0,0.00,RHB,not out,0
17092657,2,6767128,1,8556544,Sudhindhra,0,14,6,2,0,2,233.33,RHB,retired hurt,1
17092657,2,6767128,2,8846097,Vishnunandan,0,1,1,2,0,0,100.00,LHB,run out Bharadwaj Srivatsa,1
17092657,2,6767128,3,8445414,Tej,0,5,4,1,1,0,125.00,RHB,c Bharadwaj Srivatsa b Pranav PK,1
17092657,2,6767128,4,5922441,Prasanna,1,9,10,5,0,1,90.00,RHB,retired hurt,1
17092657,2,6767128,5,5994303,Srikanth T K,0,35,9,7,1,5,388.89,RHB,not out,0
17092657,2,6767128,6,8556484,Srinidhi NS,0,12,2,2,0,2,600.00,RHB,not out,0
17151344,1,6767128,1,10075428,Prabhav  Krishna,0,4,6,4,0,0,66.67,RHB,retired out,1
17151344,1,6767128,2,8846097,Vishnunandan,0,0,0,6,0,0,0.00,LHB,retired hurt,1
17151344,1,6767128,3,8556544,Sudhindhra,0,8,6,2,0,1,133.33,RHB,retired out,1
17151344,1,6767128,4,8445414,Tej,0,18,11,6,0,3,163.64,RHB,c Srikanth Krishnamurthy b Pavan Kashyap,1
17151344,1,6767128,5,8556484,Srinidhi NS,0,34,10,11,0,5,340.00,RHB,not out,0
17151344,1,6767128,6,5994303,Srikanth T K,0,36,9,4,1,5,400.00,RHB,not out,0
17151344,2,1597084,1,3542117,Amith P,0,23,8,9,2,2,287.50,RHB,not out,0
17151344,2,1597084,2,8453971,Srikanth Krishnamurthy,0,2,4,13,0,0,50.00,RHB,run out Sudhindhra,1
17151344,2,1597084,3,19048034,Balaji,0,1,7,2,0,0,14.29,RHB,run out Tej,1
17151344,2,1597084,4,10031492,Mady,0,3,4,3,0,0,75.00,RHB,c Tej b Srinidhi NS,1
17151344,2,1597084,5,8129644,Pavan Kashyap,1,39,23,11,2,5,169.57,RHB,run out Srinidhi NS,1
17151344,2,1597084,6,15348376,Pavan DP,0,0,1,1,0,0,0.00,RHB,c Srinidhi NS b Vishnunandan,1
17151377,1,6767134,1,10052264,Srikrishna,0,3,7,6,0,0,42.86,RHB,retired out,1
17151377,1,6767134,2,1224122,Badriprasad,0,30,12,21,0,5,250.00,RHB,not out,0
17151377,1,6767134,3,8445420,Madhusudhan K S,0,13,6,4,3,0,216.67,RHB,retired hurt,1
17151377,1,6767134,4,8445292,Mahesh,0,7,11,12,0,1,63.64,LHB,b Sridhar,1
17151377,1,6767134,5,8445499,Paneendra Gautham,0,12,5,4,1,1,240.00,RHB,run out Sudharshan,1
17151377,1,6767134,6,8445368,Jeethu,0,0,1,1,0,0,0.00,LHB,b Krishnamoorthy,1
17151377,1,6767134,7,8445342,Guruprasad Ramachandrachar,1,1,1,3,0,0,100.00,LHB,not out,0
17151377,2,6733389,1,24597937,Pradhdhyumna Kashyap HP,0,18,7,3,0,3,257.14,RHB,retired hurt,1
17151377,2,6733389,2,8469156,Sridhar,0,0,0,6,0,0,0.00,RHB,retired hurt,1
17151377,2,6733389,3,8445462,Prasad K S,1,2,6,3,0,0,33.33,RHB,retired out,1
17151377,2,6733389,4,8444531,Shreenidhi Prakash,0,19,10,7,0,3,190.00,RHB,c Jeethu b Badriprasad,1
17151377,2,6733389,5,8445318,K S AKSHAY KAUSHIK,0,18,11,8,0,3,163.64,RHB,not out,0
17151377,2,6733389,6,29631807,Krishnamoorthy,0,10,2,1,1,1,500.00,RHB,not out,0
17153784,1,6733389,1,24597937,Pradhdhyumna Kashyap HP  (wk),0,8,6,5,0,1,133.33,RHB,retired out,1
17153784,1,6733389,2,8469156,Sridhar,0,0,0,7,0,0,0.00,RHB,run out Amith P,1
17153784,1,6733389,3,8445462,Prasad K S,1,2,6,2,0,0,33.33,RHB,retired out,1
17153784,1,6733389,4,8445318,K S AKSHAY KAUSHIK,0,17,15,12,1,2,113.33,RHB,b Mady,1
17153784,1,6733389,5,8444531,Shreenidhi Prakash,0,19,7,6,0,3,271.43,RHB,c Pavan DP b Pavan Kashyap,1
17153784,1,6733389,6,29631807,Krishnamoorthy,0,16,9,9,1,2,177.78,RHB,not out,0
17153784,1,6733389,7,6508655,Sudharshan,0,0,1,1,0,0,0.00,RHB,b Mady,1
17153784,2,1597084,1,3542117,Amith P,0,47,21,12,0,7,223.81,RHB,not out,0
17153784,2,1597084,2,8453971,Srikanth Krishnamurthy,0,5,7,15,0,0,71.43,RHB,c Prasad K S b Sudharshan,1
17153784,2,1597084,3,19048034,Balaji,0,8,6,3,0,1,133.33,RHB,retired out,1
17153784,2,1597084,4,10031492,Mady,0,2,5,4,0,0,40.00,RHB,c †Pradhdhyumna Kashyap HP b Krishnamoorthy,1
17153784,2,1597084,5,8129644,Pavan Kashyap,1,1,2,2,0,0,50.00,RHB,c †Pradhdhyumna Kashyap HP b Krishnamoorthy,1
17153784,2,1597084,6,15348376,Pavan DP,0,1,3,4,0,0,33.33,RHB,c Shreenidhi Prakash b Sudharshan,1
17153784,2,1597084,7,10046726,Shrivatsa Hatwar,0,0,0,6,0,0,0.00,RHB,not out,0
17154937,1,6767128,1,10075428,Prabhav  Krishna,0,3,6,10,0,0,50.00,RHB,retired out,1
17154937,1,6767128,2,8846097,Vishnunandan,0,0,0,12,0,0,0.00,LHB,not out,0
17154937,1,6767128,3,8556544,Sudhindhra,0,10,6,1,1,1,166.67,RHB,retired out,1
17154937,1,6767128,4,8445414,Tej,0,11,12,28,0,1,91.67,RHB,run out Pavan Kashyap,1
17154937,1,6767128,5,8556484,Srinidhi NS,0,2,3,12,0,0,66.67,RHB,run out Pavan Kashyap,1
17154937,1,6767128,6,5994303,Srikanth T K,0,13,18,16,1,0,72.22,RHB,run out Pavan DP,1
17154937,2,1597084,1,3542117,Amith P,0,16,7,4,1,2,228.57,RHB,retired hurt,1
17154937,2,1597084,2,8453971,Srikanth Krishnamurthy,0,0,1,7,0,0,0.00,RHB,b Tej,1
17154937,2,1597084,3,19048034,Balaji,0,0,6,1,0,0,0.00,RHB,retired out,1
17154937,2,1597084,4,15348376,Pavan DP,0,22,16,10,0,3,137.50,RHB,not out,0
17154937,2,1597084,5,8129644,Pavan Kashyap,1,8,8,9,0,1,100.00,RHB,not out,0
