cricheroes_match_id,innings_number,cricheroes_team_id,bowling_order,cricheroes_player_id,name,overs,maidens,runs,wickets,dots,fours_conceded,sixes_conceded,wides,noballs,economy_rate
1690015,1,1251253,1,8445356,Pradyumna,1,0,9,0,2,0,0,2,1,9.00
1690015,1,1251253,2,8467573,Ajith,1,0,8,1,3,0,1,0,0,8.00
1690015,1,1251253,3,4416809,BHARATH G S AGASTHYA,2,0,26,1,3,0,3,2,0,13.00
1690015,1,1251253,4,8445342,Guruprasad Ramachandrachar  (c),1,0,13,0,3,0,2,0,0,13.00
1690015,1,1251253,5,8445368,Jeethu,1,0,11,0,2,0,1,0,1,11.00
1690015,2,1251247,1,8450899,Sandeep,1,0,13,0,3,0,2,0,0,13.00
1690015,2,1251247,2,5387685,Aprameya Guruprasad,1,0,12,0,2,1,1,0,0,12.00
1690015,2,1251247,3,8444682,Pavan Gautham,1.2,0,24,0,1,0,3,2,0,18.00
1690015,2,1251247,4,8129644,Pavan Kashyap  (c),1,0,21,0,0,1,2,2,0,21.00
1690017,1,1251256,1,8556484,Srinidhi Ns,1,0,8,0,2,0,0,1,1,8.00
1690017,1,1251256,2,6508655,Sudharshan,1,0,6,1,4,1,0,0,0,6.00
1690017,1,1251256,3,1224122,Badri (5a),2,0,33,0,4,2,2,3,2,16.50
1690017,1,1251256,4,8556507,Prabhanjan,1,0,21,0,1,3,1,2,0,21.00
1690017,1,1251256,5,8445318,K S Akshay Kaushik,1,0,13,0,1,2,0,2,0,13.00
1690017,2,1251242,1,8445376,Amith,1,0,8,0,3,0,1,0,0,8.00
1690017,2,1251242,2,8444668,Srisha Badarayana H S,1,0,18,0,1,1,2,0,0,18.00
1690017,2,1251242,3,8445420,Madhusudhan K S,1,0,16,0,0,0,2,0,0,16.00
1690017,2,1251242,4,8445414,Tej,2,0,9,2,8,0,1,0,0,4.50
1690017,2,1251242,5,809163,Pranav Pk,1,0,5,1,4,1,0,0,0,5.00
1690018,1,1251252,1,8578931,Srihari,1,0,6,0,2,0,0,0,0,6.00
1690018,1,1251252,2,8444550,Bharadwaj Srivatsa  (c),1,0,11,0,2,0,1,2,0,11.00
1690018,1,1251252,3,8846097,Vishnunandan,2,0,21,0,3,2,1,1,0,10.50
1690018,1,1251252,4,8444531,Shreenidhi Prakash,1,0,11,1,1,1,0,1,1,11.00
1690018,1,1251252,5,5994303,Srikanth T K,1,0,9,0,3,0,1,1,0,9.00
1690018,2,1251263,1,809867,Prabhav PK,1,0,2,0,4,0,0,0,0,2.00
1690018,2,1251263,2,8469156,Sridhar,1,0,3,1,3,0,0,0,0,3.00
1690018,2,1251263,3,4143096,Aniruddha Dv,1,0,7,0,0,0,0,1,0,7.00
1690018,2,1251263,4,4048334,Ravi Aniruddha  (c),1,0,8,0,2,1,0,0,0,8.00
1690018,2,1251263,5,8445499,Paneendra Gautham,1,0,8,0,4,1,0,3,0,8.00
1690018,2,1251263,6,8445343,Anantha Madhava,1,0,14,0,2,1,1,2,0,14.00
1690019,1,1251247,1,8450899,Sandeep,1,0,15,0,1,0,2,0,0,15.00
1690019,1,1251247,2,8445292,Mahesh,1,0,11,1,2,2,0,1,0,11.00
1690019,1,1251247,3,5387685,Aprameya Guruprasad,1,0,17,0,1,2,1,1,0,17.00
1690019,1,1251247,4,8444682,Pavan Gautham,2,0,20,0,3,0,2,1,0,10.00
1690019,1,1251247,5,8129644,Pavan Kashyap  (c),1,0,27,0,0,0,4,1,0,27.00
1690019,2,1251256,1,8556484,Srinidhi NS,1,0,9,0,2,0,1,0,0,9.00
1690019,2,1251256,2,8556507,Prabhanjan,2,0,19,0,2,1,1,0,1,9.50
1690019,2,1251256,3,8445318,K S AKSHAY KAUSHIK,1,0,20,0,1,0,3,0,0,20.00
1690019,2,1251256,4,1224122,Badriprasad,1,0,15,0,1,0,2,0,0,15.00
1690019,2,1251256,5,6508655,Sudharshan,1,0,8,0,2,1,0,0,0,8.00
1690019,2,1251256,6,8445462,Prasad K S  (c),0,0,0,0,0,0,0,0,0,0.00
1690021,1,1251253,1,8445356,Pradyumna,1,0,16,1,2,0,2,2,0,16.00
1690021,1,1251253,2,8445342,Guruprasad Ramachandrachar  (c),1,0,20,0,1,0,3,0,0,20.00
1690021,1,1251253,3,4416809,BHARATH G S AGASTHYA,2,0,18,1,5,0,2,0,0,9.00
1690021,1,1251253,4,8445368,Jeethu,1,0,9,0,3,0,1,1,0,9.00
1690021,1,1251253,5,8467573,Ajith,1,0,33,0,0,0,5,2,0,33.00
1690021,2,1251252,1,8578931,Srihari,1,0,5,0,3,0,0,2,0,5.00
1690021,2,1251252,2,7662592,Vittala,1,0,4,0,4,0,0,2,0,4.00
1690021,2,1251252,3,8846097,Vishnunandan,2,0,9,1,4,0,0,0,1,4.50
1690021,2,1251252,4,5994303,Srikanth T K,1,0,2,1,4,0,0,0,0,2.00
1690021,2,1251252,5,8444550,Bharadwaj Srivatsa  (c),1,0,1,1,5,0,0,0,0,1.00
1690024,1,1251242,1,8445376,Amith,1,0,3,0,3,0,0,0,0,3.00
1690024,1,1251242,2,8445420,Madhusudhan K S,1,0,5,1,4,1,0,0,0,5.00
1690024,1,1251242,3,8445414,Tej,2,0,15,1,8,1,1,1,0,7.50
1690024,1,1251242,4,5922441,Prasanna  (c),1,0,18,0,0,0,2,2,0,18.00
1690024,1,1251242,5,809163,Pranav PK,1,0,25,0,0,2,2,1,1,25.00
1690024,2,1251263,1,809867,Prabhav PK,1,0,6,0,1,0,0,1,0,6.00
1690024,2,1251263,2,4143096,Aniruddha Dv,2,0,24,1,4,0,3,1,0,12.00
1690024,2,1251263,3,4048334,Ravi Aniruddha  (c),1,0,3,0,3,0,0,0,0,3.00
1690024,2,1251263,4,8469156,Sridhar,1,0,21,0,1,2,1,1,2,21.00
1690024,2,1251263,5,8445499,Paneendra Gautham,1,0,11,0,1,1,0,1,0,11.00
1690028,1,1251247,1,8450899,Sandeep,1,0,6,0,5,0,1,0,0,6.00
1690028,1,1251247,2,5387685,Aprameya Guruprasad,1,0,16,0,0,1,1,1,0,16.00
1690028,1,1251247,3,8129644,Pavan Kashyap  (c),1,0,19,0,0,1,2,0,0,19.00
1690028,1,1251247,4,8444682,Pavan Gautham,2,0,32,0,2,2,3,1,0,16.00
1690028,1,1251247,5,8445292,Mahesh,1,0,30,0,1,0,5,0,0,30.00
1690028,2,1251252,1,8578931,Srihari,1,0,19,0,2,1,1,0,3,19.00
1690028,2,1251252,2,7662592,Vittala,1,0,23,0,2,0,3,1,2,23.00
1690028,2,1251252,3,8846097,Vishnunandan,1,0,8,2,3,0,1,0,0,8.00
1690028,2,1251252,4,5994303,Srikanth T K,1,0,6,1,4,1,0,1,0,6.00
1690028,2,1251252,5,8444531,Shreenidhi Prakash,0.2,0,6,1,1,0,1,0,0,18.00
1690031,1,1251242,1,8445376,Amith,1,0,11,0,3,0,1,3,0,11.00
1690031,1,1251242,2,809163,Pranav Pk,1,0,10,0,3,0,1,0,1,10.00
1690031,1,1251242,3,8445414,Tej,2,0,27,0,4,1,3,0,1,13.50
1690031,1,1251242,4,8445420,Madhusudhan K S,1,0,14,0,1,1,1,1,0,14.00
1690031,1,1251242,5,5922441,Prasanna,1,0,20,0,1,1,2,0,1,20.00
1690031,2,1251253,1,8445356,Pradyumna,1,0,4,0,4,0,0,2,0,4.00
1690031,2,1251253,2,4416809,Bharath Foundry,2,0,14,0,3,1,0,0,1,7.00
1690031,2,1251253,3,8445342,Guruprasad Ramachandrachar,1,0,16,1,2,0,2,1,0,16.00
1690031,2,1251253,4,8467573,Ajith,1,0,9,0,1,1,0,1,0,9.00
1690031,2,1251253,5,8469155,Krishna Mys,1,0,24,0,2,0,4,0,0,24.00
1690029,1,1251263,1,809867,Prabhav PK,1,0,17,0,1,0,2,0,0,17.00
1690029,1,1251263,2,4048334,Ravi Aniruddha  (c),2,0,13,1,6,0,0,4,1,6.50
1690029,1,1251263,3,8445499,Paneendra Gautham,1,0,15,0,0,1,1,1,0,15.00
1690029,1,1251263,4,4143096,Aniruddha Dv,1,0,12,0,0,0,1,1,0,12.00
1690029,1,1251263,5,8445343,Anantha Madhava,1,0,10,0,1,0,1,0,0,10.00
1690029,2,1251256,1,8556484,Srinidhi NS,1,0,3,0,4,0,0,0,0,3.00
1690029,2,1251256,2,8556507,Prabhanjan,1,0,7,0,4,1,0,1,0,7.00
1690029,2,1251256,3,1224122,Badriprasad,2,0,14,1,9,0,2,1,0,7.00
1690029,2,1251256,4,8445318,K S AKSHAY KAUSHIK,1,0,4,0,2,0,0,0,0,4.00
1690029,2,1251256,5,6508655,Sudharshan,1,0,23,0,0,2,2,0,0,23.00
1817613,1,1251252,1,8578931,Srihari,1,0,8,0,5,1,0,4,0,8.00
1817613,1,1251252,2,5994303,Srikanth T K,1,0,9,0,2,0,1,0,0,9.00
1817613,1,1251252,3,8444531,Shreenidhi Prakash,1,0,17,0,1,0,2,0,1,17.00
1817613,1,1251252,4,8846097,Vishnunandan,2,0,20,0,3,0,2,0,0,10.00
1817613,1,1251252,5,8444550,Bharadwaj Srivatsa  (c),1,0,7,2,3,1,0,1,0,7.00
1817613,2,1251253,1,8445356,Pradyumna,1,0,3,0,3,0,0,0,0,3.00
1817613,2,1251253,2,8467573,Ajith,1,0,18,0,1,0,1,2,3,18.00
1817613,2,1251253,3,8469155,Krishna Mys,1,0,12,0,4,0,2,0,0,12.00
1817613,2,1251253,4,8445342,Guruprasad Ramachandrachar  (c),1,0,15,0,1,0,2,0,0,15.00
1817613,2,1251253,5,4416809,BHARATH G S AGASTHYA,2,0,7,2,6,0,0,1,0,3.50
1817710,1,1251256,1,8556484,Srinidhi NS,1,0,3,0,5,0,0,2,0,3.00
1817710,1,1251256,2,6508655,Sudharshan,1,0,19,0,1,1,2,1,0,19.00
1817710,1,1251256,3,8556507,Prabhanjan,1,0,16,0,1,0,2,1,0,16.00
1817710,1,1251256,4,1224122,Badriprasad,2,0,22,1,5,1,2,2,0,11.00
1817710,1,1251256,5,8445318,K S AKSHAY KAUSHIK,1,0,12,0,3,0,1,1,0,12.00
1817710,2,1251263,1,809867,Prabhav PK,1,0,17,1,1,2,1,1,0,17.00
1817710,2,1251263,2,4143096,Aniruddha Dv,1,0,3,1,3,0,0,0,0,3.00
1817710,2,1251263,3,4048334,Ravi Aniruddha  (c),2,0,27,0,4,0,3,4,0,13.50
1817710,2,1251263,4,8469156,Sridhar,1,0,16,0,2,0,2,1,1,16.00
1817710,2,1251263,5,8445499,Paneendra Gautham,1,0,8,0,3,0,1,0,0,8.00
1817785,1,1251263,1,809867,Prabhav PK,1,0,6,0,6,0,0,6,0,6.00
1817785,1,1251263,2,8445343,Anantha Madhava,1,0,11,2,2,0,1,2,0,11.00
1817785,1,1251263,3,4048334,Ravi Aniruddha  (c),1,0,7,1,2,0,0,3,0,7.00
1817785,1,1251263,4,4143096,Aniruddha Dv,2,0,12,0,3,0,0,2,0,6.00
1817785,1,1251263,5,8445499,Paneendra Gautham,1,0,6,1,2,0,0,2,0,6.00
1817785,2,1251253,1,8445356,Pradyumna,1,0,3,0,5,0,0,1,1,3.00
1817785,2,1251253,2,8445342,Guruprasad Ramachandrachar  (c),1,0,3,0,3,0,0,0,0,3.00
1817785,2,1251253,3,4416809,BHARATH G S AGASTHYA,2,0,18,1,8,0,2,4,0,9.00
1817785,2,1251253,4,8467573,Ajith,1,0,5,1,2,0,0,0,0,5.00
1817785,2,1251253,5,8469155,Krishna Mys,0.5,0,14,0,2,0,2,1,0,16.80
2278728,1,1597090,1,8445309,Sandeep,1,0,13,0,1,0,1,2,1,13.00
2278728,1,1597090,2,4416809,BHARATH G S AGASTHYA,2,0,15,0,4,0,1,1,1,7.50
2278728,1,1597090,3,8445368,Jeethu,2,0,5,2,11,0,0,3,1,2.50
2278728,1,1597090,4,8445342,Guruprasad Ramachandrachar  (c),1,0,2,0,5,0,0,1,0,2.00
2278728,1,1597090,5,10031570,Sridhar Ramchandrachar,1,0,7,0,4,0,1,0,0,7.00
2278728,2,1597088,1,8556484,Srinidhi NS,1,0,1,0,5,0,0,0,0,1.00
2278728,2,1597088,2,8445318,K S AKSHAY KAUSHIK,1,0,6,0,0,0,0,0,0,6.00
2278728,2,1597088,3,1224122,Badriprasad,2,0,23,0,6,0,2,3,2,11.50
2278728,2,1597088,4,7662592,Vittala,1.3,0,15,2,3,0,1,2,1,10.00
2278732,1,1597085,1,809867,Prabhav PK,1,0,6,0,3,0,0,3,0,6.00
2278732,1,1597085,2,8445292,Mahesh,1,0,21,0,2,0,3,2,0,21.00
2278732,1,1597085,3,8445414,Tej,2,0,5,0,8,0,0,1,0,2.50
2278732,1,1597085,4,809163,Pranav PK,1,0,14,0,2,0,2,0,0,14.00
2278732,1,1597085,5,5922441,Prasanna  (c),1,0,10,1,2,0,1,1,0,10.00
2278732,1,1597085,6,8469156,Sridhar,1,0,19,0,3,0,3,0,1,19.00
2278732,2,1597087,1,8578931,Srihari,1,0,5,0,1,0,0,0,0,5.00
2278732,2,1597087,2,10031492,Mady,2,0,29,1,5,0,4,1,1,14.50
2278732,2,1597087,3,8846097,Vishnunandan,2,0,28,1,7,0,4,1,1,14.00
2278732,2,1597087,4,8452770,Ashrith Kashyap,0.4,0,13,0,1,0,2,0,0,19.50
2278742,1,1597090,1,8445309,Sandeep,1,0,9,0,3,0,1,1,0,9.00
2278742,1,1597090,2,4416809,BHARATH G S AGASTHYA,2,0,7,5,10,0,1,0,0,3.50
2278742,1,1597090,3,8445342,Guruprasad Ramachandrachar  (c),1,0,6,0,5,0,1,0,0,6.00
2278742,1,1597090,4,8445368,Jeethu,2,0,24,0,7,2,2,2,1,12.00
2278742,1,1597090,5,10031570,Sridhar Ramchandrachar,1,0,11,1,4,1,1,1,0,11.00
2278742,2,1597084,1,5387685,Aprameya Guruprasad,1,0,1,0,5,0,0,0,0,1.00
2278742,2,1597084,2,8670699,Ajith P,1,0,3,1,4,0,0,0,1,3.00
2278742,2,1597084,3,8444682,Pavan Gautham,1,0,7,0,4,0,1,0,0,7.00
2278742,2,1597084,4,8129644,Pavan Kashyap  (c),1.2,0,21,0,3,1,2,3,0,15.75
2278742,2,1597084,5,8814171,Pavan Raghavendra,1,0,29,0,2,1,4,0,1,29.00
2278772,1,1597087,1,8578931,Srihari,1,0,2,0,5,0,0,0,0,2.00
2278772,1,1597087,2,8445420,Madhusudhan K S,1,0,9,1,2,0,1,0,0,9.00
2278772,1,1597087,3,10031492,Mady,2,0,9,0,7,1,0,1,0,4.50
2278772,1,1597087,4,8846097,Vishnunandan,2,0,41,0,2,0,6,1,0,20.50
2278772,1,1597087,5,8452770,Ashrith Kashyap,1,0,8,0,1,1,0,0,0,8.00
2278772,2,1597091,1,8445356,Pradyumna,1,0,3,0,5,0,0,2,0,3.00
2278772,2,1597091,2,4143096,Aniruddha Dv,2,0,24,0,3,3,1,1,0,12.00
2278772,2,1597091,3,4048334,Ravi Aniruddha  (c),1,0,18,1,2,1,2,1,0,18.00
2278772,2,1597091,4,5994303,Srikanth T K,1,0,21,0,0,0,3,0,0,21.00
2278772,2,1597091,5,8445499,Paneendra Gautham,1.1,0,9,1,3,0,1,0,0,7.71
2278775,1,1597088,1,8556484,Srinidhi NS,1,0,5,0,5,0,0,0,3,5.00
2278775,1,1597088,2,8445318,K S AKSHAY KAUSHIK,2,0,25,0,6,0,3,1,1,12.50
2278775,1,1597088,3,7662592,Vittala,2,0,15,0,4,0,1,1,0,7.50
2278775,1,1597088,4,1224122,Badriprasad,2,0,30,2,6,0,4,3,1,15.00
2278775,2,1597085,1,809867,Prabhav PK,1,0,16,0,2,0,2,1,1,16.00
2278775,2,1597085,2,8445414,Tej,2,1,7,3,10,0,1,0,0,3.50
2278775,2,1597085,3,809163,Pranav PK,1,0,19,0,2,0,3,0,0,19.00
2278775,2,1597085,4,8469156,Sridhar,0.5,0,9,1,2,0,1,1,0,10.80
2278779,1,1597084,1,5387685,Aprameya Guruprasad,1,0,1,0,5,0,0,0,0,1.00
2278779,1,1597084,2,8670699,Ajith P,2,0,18,0,2,1,1,0,0,9.00
2278779,1,1597084,3,8444682,Pavan Gautham,1,0,28,0,0,0,4,2,0,28.00
2278779,1,1597084,4,8129644,Pavan Kashyap  (c),2,0,36,0,2,0,4,5,1,18.00
2278779,1,1597084,5,8814171,Pavan Raghavendra,1,0,17,0,1,0,2,0,1,17.00
2278779,2,1597087,1,8578931,Srihari,1,0,12,0,4,0,2,0,0,12.00
2278779,2,1597087,2,10031492,Mady,2,0,34,0,4,2,4,0,0,17.00
2278779,2,1597087,3,8846097,Vishnunandan,2,0,15,0,9,0,1,5,1,7.50
2278779,2,1597087,4,8452770,Ashrith Kashyap,1,0,10,1,2,0,1,1,0,10.00
2278779,2,1597087,5,8445420,Madhusudhan K S,1,0,2,1,4,0,0,0,0,2.00
2278783,1,1597090,1,8445309,Sandeep,1,0,12,0,0,0,1,1,0,12.00
2278783,1,1597090,2,4416809,Bharath G S Agasthya,2,0,10,1,5,1,0,0,0,5.00
2278783,1,1597090,3,8445368,Jeethu,2,0,14,1,6,1,1,0,0,7.00
2278783,1,1597090,4,8445342,Guruprasad Ramachandrachar,1,1,0,1,6,0,0,0,0,0.00
2278783,1,1597090,5,10031570,Sridhar Ramchandrachar,1,0,16,0,3,0,2,0,2,16.00
2278783,2,1597085,1,809867,Prabhav Pk,1,0,2,0,5,0,0,1,0,2.00
2278783,2,1597085,2,8445414,Tej,2,0,4,1,9,0,0,1,0,2.00
2278783,2,1597085,3,8469156,Sridhar,1,0,17,1,2,1,2,0,0,17.00
2278783,2,1597085,4,809163,Pranav Pk,2,1,11,2,9,1,1,0,0,5.50
2278783,2,1597085,5,5922441,Prasanna,1,1,0,0,6,0,0,0,0,0.00
2278786,1,1597088,1,8556484,Srinidhi NS,1,0,10,0,4,1,1,0,0,10.00
2278786,1,1597088,2,7662592,Vittala,1,0,22,0,3,0,3,1,2,22.00
2278786,1,1597088,3,1224122,Badriprasad,2,0,16,2,7,0,2,1,0,8.00
2278786,1,1597088,4,8445318,K S AKSHAY KAUSHIK,2,0,19,0,7,0,2,3,0,9.50
2278786,1,1597088,5,8453971,Srikanth Krishnamurthy,1,0,20,0,1,0,3,0,0,20.00
2278786,2,1597091,1,8445356,Pradyumna,1,0,3,0,4,0,0,0,1,3.00
2278786,2,1597091,2,5994303,Srikanth T K,2,0,13,1,7,0,1,2,1,6.50
2278786,2,1597091,3,4048334,Ravi Aniruddha  (c),1,0,11,0,2,2,0,0,1,11.00
2278786,2,1597091,4,4143096,Aniruddha Dv,1,0,1,1,5,0,0,0,0,1.00
2278786,2,1597091,5,8445499,Paneendra Gautham,1,0,11,1,3,1,1,0,0,11.00
2278786,2,1597091,6,6508655,Sudharshan,0.2,0,1,1,2,0,0,1,0,3.00
2303511,1,1597085,1,809867,Prabhav Pk,1,0,6,0,5,1,0,2,0,6.00
2303511,1,1597085,2,5922441,Prasanna,1,0,3,1,4,0,0,1,0,3.00
2303511,1,1597085,3,8469156,Sridhar,1,0,3,1,4,0,0,1,0,3.00
2303511,1,1597085,4,8445414,Tej,2,1,2,1,10,0,0,0,0,1.00
2303511,1,1597085,5,809163,Pranav Pk,2,0,25,1,5,1,3,0,0,12.50
2303511,2,1597091,1,8445356,Pradyumna,1,0,14,0,2,0,2,0,0,14.00
2303511,2,1597091,2,5994303,Srikanth T K,1,0,18,0,0,0,2,2,0,18.00
2303511,2,1597091,3,4048334,Ravi Aniruddha,0.3,0,8,0,0,0,1,0,0,16.00
2303560,1,1597087,1,8578931,Srihari,1,0,16,0,3,1,1,0,2,16.00
2303560,1,1597087,2,10031492,Mady,2,0,19,0,6,0,2,0,2,9.50
2303560,1,1597087,3,8846097,Vishnunandan,1,0,19,0,2,1,2,2,0,19.00
2303560,1,1597087,4,8452770,Ashrith Kashyap,2,0,20,1,6,0,2,4,0,10.00
2303560,1,1597087,5,8445420,Madhusudhan K S,1,0,12,0,4,0,2,0,0,12.00
2303560,2,1597084,1,5387685,Aprameya Guruprasad,1,0,2,0,5,0,0,1,0,2.00
2303560,2,1597084,2,8444682,Pavan Gautham,1.5,0,32,0,4,0,4,5,0,17.45
2303560,2,1597084,3,8129644,Pavan Kashyap  (c),2,0,15,0,8,1,0,6,1,7.50
2303560,2,1597084,4,8670699,Ajith P,1,0,22,1,1,0,3,1,1,22.00
2303560,2,1597084,5,8814171,Pavan Raghavendra,1,0,16,0,2,0,2,0,1,16.00
2308545,1,1597087,1,8578931,Srihari,1,0,1,0,5,0,0,0,0,1.00
2308545,1,1597087,2,8452770,Ashrith Kashyap,2,0,19,1,6,0,2,2,1,9.50
2308545,1,1597087,3,10031492,Mady,2,0,17,2,9,0,2,2,1,8.50
2308545,1,1597087,4,8846097,Vishnunandan,1,0,11,1,2,0,1,2,0,11.00
2308545,1,1597087,5,8445343,Anantha Madhava,0.4,0,3,2,4,0,0,2,1,4.50
2308545,2,1597091,1,8445356,Pradyumna,1,0,2,0,4,0,0,0,0,2.00
2308545,2,1597091,2,4143096,Aniruddha Dv,1,0,28,0,1,1,4,0,0,28.00
2308545,2,1597091,3,5994303,Srikanth T K,2,0,11,0,5,1,0,1,0,5.50
2308545,2,1597091,4,4048334,Ravi Aniruddha  (c),1.2,0,11,1,3,0,1,0,0,8.25
2379201,1,1597087,1,8578931,Srihari,1,0,2,0,4,0,0,0,0,2.00
2379201,1,1597087,2,8445420,Madhusudhan K S,1,0,24,0,1,1,2,1,2,24.00
2379201,1,1597087,3,10031492,Mady,2,0,11,2,5,1,0,1,0,5.50
2379201,1,1597087,4,8452770,Ashrith Kashyap,2,0,20,2,6,0,2,2,1,10.00
2379201,1,1597087,5,8846097,Vishnunandan,1,0,18,0,0,0,2,2,0,18.00
2379201,2,1597085,1,809867,Prabhav PK,1,0,3,0,4,0,0,1,0,3.00
2379201,2,1597085,2,8445414,Tej,2,0,14,0,7,1,1,0,1,7.00
2379201,2,1597085,3,5922441,Prasanna  (c),2,0,6,2,9,0,0,3,0,3.00
2379201,2,1597085,4,809163,Pranav PK,1,0,7,0,2,1,0,0,0,7.00
2379201,2,1597085,5,8445292,Mahesh,1,0,15,0,3,0,2,0,1,15.00
3903839,1,1597088,1,8556484,Srinidhi NS,1,0,4,0,3,0,0,1,0,4.00
3903839,1,1597088,2,8445462,Prasad K S  (c),1,0,1,0,6,0,0,1,0,1.00
3903839,1,1597088,3,1224122,Badriprasad,2,0,18,0,4,1,1,1,1,9.00
3903839,1,1597088,4,8445318,K S AKSHAY KAUSHIK,1,0,3,0,3,0,0,0,0,3.00
3903839,1,1597088,5,10052245,Amith,1,0,32,0,2,1,4,3,1,32.00
3903839,1,1597088,6,7662592,Vittala,1,0,2,3,4,0,0,0,0,2.00
3903839,2,1597087,1,8578931,Srihari,1,0,2,0,5,0,0,1,0,2.00
3903839,2,1597087,2,8445420,Madhusudhan K S,1,0,7,0,3,1,0,1,0,7.00
3903839,2,1597087,3,10031492,Mady,1,0,14,0,2,0,2,0,0,14.00
3903839,2,1597087,4,8452770,Ashrith Kashyap,2,0,11,1,7,1,0,1,1,5.50
3903839,2,1597087,5,8846097,Vishnunandan,1,0,24,0,1,0,3,1,2,24.00
3903839,2,1597087,6,8445343,Anantha Madhava,0.1,0,5,0,0,1,0,1,0,30.00
3903851,1,1597091,1,8445356,Pradyumna,1,1,0,0,6,0,0,0,0,0.00
3903851,1,1597091,2,10046726,Shrivatsa Hatwar,1,0,5,0,5,1,0,1,0,5.00
3903851,1,1597091,3,8445499,Paneendra Gautham,1,0,14,1,3,0,2,0,1,14.00
3903851,1,1597091,4,5994303,Srikanth T K,2,0,29,0,8,0,4,3,1,14.50
3903851,1,1597091,5,4048334,Ravi Aniruddha,1,0,1,0,6,0,0,1,0,1.00
3903851,1,1597091,6,4143096,Aniruddha Dv,1,0,10,2,4,0,1,3,0,10.00
3903851,2,1597090,1,8445309,Sandeep,1,0,10,0,3,0,1,2,0,10.00
3903851,2,1597090,2,10031570,Sridhar Ramchandrachar,1,0,6,0,5,0,1,0,0,6.00
3903851,2,1597090,3,4416809,BHARATH G S AGASTHYA,2,0,15,2,5,1,1,0,0,7.50
3903851,2,1597090,4,8445342,Guruprasad Ramachandrachar,1,0,5,0,3,0,0,2,0,5.00
3903851,2,1597090,5,8445368,Jeethu,1,0,7,0,4,0,1,0,0,7.00
3903851,2,1597090,6,8444531,Shreenidhi Prakash,1,0,20,1,3,0,3,1,0,20.00
3903859,1,1597084,1,5387685,Aprameya Guruprasad,1,0,6,0,1,0,0,0,0,6.00
3903859,1,1597084,2,10052031,Yashu,1,0,2,0,5,0,0,0,0,2.00
3903859,1,1597084,3,8444682,Pavan Gautham,1,0,12,0,2,1,1,0,0,12.00
3903859,1,1597084,4,8814171,Pavan Raghavendra,1,0,17,0,2,0,2,2,0,17.00
3903859,1,1597084,5,8129644,Pavan Kashyap  (c),2,0,7,1,6,0,0,1,0,3.50
3903859,1,1597084,6,8670699,Ajith P,1,0,24,0,2,0,4,0,0,24.00
3903859,2,1597088,1,8556484,Srinidhi NS,1,0,11,1,2,0,1,2,0,11.00
3903859,2,1597088,2,8445462,Prasad K S  (c),1,0,17,0,3,1,2,1,0,17.00
3903859,2,1597088,3,7662592,Vittala,1,0,6,0,5,1,0,1,1,6.00
3903859,2,1597088,4,1224122,Badriprasad,2,0,23,1,6,0,3,2,0,11.50
3903859,2,1597088,5,8445318,K S AKSHAY KAUSHIK,1,0,10,0,3,0,1,2,0,10.00
3903859,2,1597088,6,8453971,Srikanth Krishnamurthy,0.2,0,2,0,1,0,0,1,0,6.00
3903870,1,1597085,1,809867,Prabhav PK,1,0,4,0,2,0,0,0,0,4.00
3903870,1,1597085,2,8556544,Sudhindhra,1,0,11,0,4,1,1,1,0,11.00
3903870,1,1597085,3,8469156,Sridhar,1,0,5,1,3,0,0,2,0,5.00
3903870,1,1597085,4,5922441,Prasanna,1,0,14,1,3,0,2,1,0,14.00
3903870,1,1597085,5,8445414,Tej,2,0,18,0,6,2,1,1,0,9.00
3903870,1,1597085,6,8445292,Mahesh,1,0,16,0,1,1,1,3,0,16.00
3903870,2,1597090,1,8445309,Sandeep,1,0,3,0,3,0,0,0,0,3.00
3903870,2,1597090,2,10031570,Sridhar Ramchandrachar,1,0,2,0,4,0,0,0,0,2.00
3903870,2,1597090,3,8445342,Guruprasad Ramachandrachar,1,0,15,1,2,0,2,1,0,15.00
3903870,2,1597090,4,4416809,BHARATH G S AGASTHYA,2,0,15,1,7,0,2,0,0,7.50
3903870,2,1597090,5,8445368,Jeethu,1,0,3,0,3,0,0,0,0,3.00
3903870,2,1597090,6,8444531,Shreenidhi Prakash,1,0,15,1,3,1,1,4,0,15.00
3903903,1,1597091,1,8445356,Pradyumna,1,0,9,0,2,0,1,0,0,9.00
3903903,1,1597091,2,10046726,Shrivatsa Hatwar,1,0,6,0,1,0,0,0,0,6.00
3903903,1,1597091,3,5994303,Srikanth T K,2,0,31,0,4,1,4,0,0,15.50
3903903,1,1597091,4,4048334,Ravi Aniruddha  (c),1,0,23,0,1,0,3,1,1,23.00
3903903,1,1597091,5,4143096,Aniruddha Dv,1,0,19,0,2,1,2,1,0,19.00
3903903,1,1597091,6,8445499,Paneendra Gautham,1,0,34,0,0,1,5,0,0,34.00
3903903,2,1597087,1,8578931,Srihari,1,0,11,0,2,0,1,1,0,11.00
3903903,2,1597087,2,8445420,Madhusudhan K S,1,0,4,0,3,0,0,1,0,4.00
3903903,2,1597087,3,8445343,Anantha Madhava,1,0,7,1,5,0,1,1,0,7.00
3903903,2,1597087,4,10031492,Mady,2,0,23,1,6,0,3,2,0,11.50
3903903,2,1597087,5,8452770,Ashrith Kashyap,1,0,25,0,1,0,4,0,0,25.00
3903903,2,1597087,6,8846097,Vishnunandan,1,0,14,0,3,0,2,1,0,14.00
3903906,1,1597088,1,8556484,Srinidhi NS,1,0,3,0,3,0,0,0,0,3.00
3903906,1,1597088,2,8445462,Prasad K S  (c),1,0,9,0,2,0,1,0,0,9.00
3903906,1,1597088,3,1224122,Badriprasad,1,0,25,0,2,1,3,3,0,25.00
3903906,1,1597088,4,7662592,Vittala,1,0,20,0,2,0,3,0,1,20.00
3903906,1,1597088,5,8445318,K S AKSHAY KAUSHIK,2,0,13,1,5,1,0,3,0,6.50
3903906,1,1597088,6,8453971,Srikanth Krishnamurthy,1,0,12,1,2,0,1,1,1,12.00
3903906,2,1597085,1,809867,Prabhav PK,1,0,9,0,4,0,1,2,0,9.00
3903906,2,1597085,2,8556544,Sudhindhra,1,0,8,0,3,0,1,0,0,8.00
3903906,2,1597085,3,5922441,Prasanna  (c),1,0,22,0,1,0,3,1,0,22.00
3903906,2,1597085,4,8445414,Tej,2,0,6,1,6,0,0,0,0,3.00
3903906,2,1597085,5,809163,Pranav PK,1,0,17,1,1,0,2,0,1,17.00
3903906,2,1597085,6,8469156,Sridhar,1,0,1,1,6,0,0,1,0,1.00
3903911,1,1597084,1,5387685,Aprameya Guruprasad,1,0,7,0,3,1,0,1,0,7.00
3903911,1,1597084,2,10052031,Yashu,1,0,3,0,5,0,0,2,0,3.00
3903911,1,1597084,3,8444682,Pavan Gautham,1,0,16,0,2,0,2,2,0,16.00
3903911,1,1597084,4,8814171,Pavan Raghavendra,1,0,11,2,3,0,1,3,0,11.00
3903911,1,1597084,5,8129644,Pavan Kashyap  (c),2,0,21,0,6,0,2,5,0,10.50
3903911,1,1597084,6,8670699,Ajith P,1,0,16,0,3,1,2,0,0,16.00
3903911,2,1597091,1,8445356,Pradyumna,1,0,9,0,3,0,1,0,0,9.00
3903911,2,1597091,2,10046726,Shrivatsa Hatwar,1,0,11,0,3,1,1,0,0,11.00
3903911,2,1597091,3,4048334,Ravi Aniruddha  (c),2,0,30,1,5,0,4,1,2,15.00
3903911,2,1597091,4,5994303,Srikanth T K,1,0,6,1,5,1,0,2,0,6.00
3903911,2,1597091,5,4143096,Aniruddha Dv,1,0,13,0,3,1,1,1,1,13.00
3903911,2,1597091,6,8445499,Paneendra Gautham,1,0,2,2,5,0,0,0,0,2.00
3903922,1,1597090,1,8445309,Sandeep,1,0,2,0,4,0,0,0,0,2.00
3903922,1,1597090,2,10031570,Sridhar Ramchandrachar,1,0,12,0,0,0,0,5,0,12.00
3903922,1,1597090,3,8445368,Jeethu,2,0,17,0,8,0,2,0,2,8.50
3903922,1,1597090,4,8445342,Guruprasad Ramachandrachar  (c),1,0,12,0,1,0,1,1,1,12.00
3903922,1,1597090,5,4416809,BHARATH G S AGASTHYA,1,0,3,0,3,0,0,0,0,3.00
3903922,1,1597090,6,8444531,Shreenidhi Prakash,1,0,30,0,1,1,4,0,1,30.00
3903922,2,1597087,1,8578931,Srihari,1,0,2,0,4,0,0,0,0,2.00
3903922,2,1597087,2,8445420,Madhusudhan K S,1,0,2,0,5,0,0,1,0,2.00
3903922,2,1597087,3,8445343,Anantha Madhava,1,0,4,1,4,0,0,1,1,4.00
3903922,2,1597087,4,8444550,Bharadwaj Srivatsa  (c),1,0,16,1,3,0,2,3,0,16.00
3903922,2,1597087,5,10031492,Mady,1,0,4,0,2,0,0,0,0,4.00
3903922,2,1597087,6,8452770,Ashrith Kashyap,1,0,8,1,3,0,1,0,0,8.00
3903922,2,1597087,7,8846097,Vishnunandan,1,0,12,1,3,1,1,1,0,12.00
4009802,1,1597087,1,8578931,Srihari,1,0,25,0,1,0,4,0,0,25.00
4009802,1,1597087,2,8445420,Madhusudhan K S,1,0,9,0,2,0,1,0,0,9.00
4009802,1,1597087,3,8445343,Anantha Madhava,1,0,7,0,5,0,1,1,0,7.00
4009802,1,1597087,4,10031492,Mady,2,0,22,1,4,0,2,2,1,11.00
4009802,1,1597087,5,8452770,Ashrith Kashyap,1,0,13,0,4,0,2,1,0,13.00
4009802,1,1597087,6,8846097,Vishnunandan,1,0,28,0,1,0,4,3,0,28.00
4009802,2,1597084,1,5387685,Aprameya Guruprasad,1,0,1,0,5,0,0,0,0,1.00
4009802,2,1597084,2,10052031,Yashu,1,0,2,0,4,0,0,0,0,2.00
4009802,2,1597084,3,8444682,Pavan Gautham,1,0,9,0,3,0,1,1,0,9.00
4009802,2,1597084,4,8814171,Pavan Raghavendra,1,0,22,0,1,0,3,2,0,22.00
4009802,2,1597084,5,8129644,Pavan Kashyap  (c),2,0,22,0,5,3,1,1,0,11.00
4009802,2,1597084,6,8670699,Ajith P,1,0,14,0,2,0,2,0,0,14.00
4010295,1,1597090,1,8445309,Sandeep,1,0,6,0,3,0,0,1,1,6.00
4010295,1,1597090,2,10031570,Sridhar Ramchandrachar,1,0,2,0,5,0,0,1,0,2.00
4010295,1,1597090,3,8445368,Jeethu,2,0,19,0,4,0,2,1,0,9.50
4010295,1,1597090,4,8445342,Guruprasad Ramachandrachar,1,0,21,0,2,0,3,2,0,21.00
4010295,1,1597090,5,4416809,BHARATH G S AGASTHYA,1,0,11,3,4,1,1,1,0,11.00
4010295,1,1597090,6,15027628,Srisha Badarayan,1,0,19,0,3,0,3,1,0,19.00
4010295,2,1597091,1,8445356,Pradyumna,1,0,3,0,4,0,0,1,0,3.00
4010295,2,1597091,2,10046726,Shrivatsa Hatwar,1,0,4,0,3,0,0,1,0,4.00
4010295,2,1597091,3,8445499,Paneendra Gautham,1,0,5,0,3,0,0,2,0,5.00
4010295,2,1597091,4,5994303,Srikanth T K,2,0,18,1,6,1,1,4,0,9.00
4010295,2,1597091,5,4048334,Ravi Aniruddha,1,0,8,0,3,0,1,0,0,8.00
4010295,2,1597091,6,4143096,Aniruddha Dv,1,0,9,1,2,1,0,2,0,9.00
4010487,1,1597087,1,8578931,Srihari,1,0,3,0,5,0,0,1,0,3.00
4010487,1,1597087,2,8445420,Madhusudhan K S,1,0,5,1,2,0,0,1,0,5.00
4010487,1,1597087,3,8445343,Anantha Madhava,1,0,7,0,4,1,0,0,1,7.00
4010487,1,1597087,4,10031492,Mady,2,0,12,1,8,0,1,3,0,6.00
4010487,1,1597087,5,8452770,Ashrith Kashyap,1,0,7,0,4,0,1,0,0,7.00
4010487,1,1597087,6,8846097,Vishnunandan,1,0,14,0,3,0,2,1,0,14.00
4010487,2,1597091,1,8445356,Pradyumna,1,0,4,0,4,0,0,0,1,4.00
4010487,2,1597091,2,10046726,Shrivatsa Hatwar,1,0,14,0,3,0,2,1,0,14.00
4010487,2,1597091,3,5994303,Srikanth T K,1,0,21,0,1,0,3,1,0,21.00
4010487,2,1597091,4,4048334,Ravi Aniruddha  (c),0.4,0,13,0,1,0,2,0,0,19.50
4010588,1,1597087,1,8578931,Srihari,1,0,11,0,4,1,1,1,0,11.00
4010588,1,1597087,2,8445420,Madhusudhan K S,1,0,12,0,2,1,1,0,0,12.00
4010588,1,1597087,3,8445343,Anantha Madhava,1,0,12,1,4,0,1,2,2,12.00
4010588,1,1597087,4,10031492,Mady,2,0,37,0,5,0,6,0,0,18.50
4010588,1,1597087,5,8452770,Ashrith Kashyap,1,0,14,0,2,0,2,0,0,14.00
4010588,1,1597087,6,8846097,Vishnunandan,1,0,6,0,3,0,0,3,0,6.00
4010588,2,1597084,1,5387685,Aprameya Guruprasad,1,0,3,0,3,0,0,0,0,3.00
4010588,2,1597084,2,10052031,Yashu,1,0,9,0,4,1,0,4,0,9.00
4010588,2,1597084,3,8444682,Pavan Gautham,1,0,27,0,0,0,3,4,1,27.00
4010588,2,1597084,4,8814171,Pavan Raghavendra,1,0,27,0,1,0,3,5,1,27.00
4010588,2,1597084,5,8129644,Pavan Kashyap  (c),1,0,33,0,0,1,4,4,0,33.00
6947210,1,388115,1,8450899,Sandeep,1,0,2,0,5,0,0,1,0,2.00
6947210,1,388115,2,10052159,Praveena  (c),1,0,1,0,5,0,0,0,0,1.00
6947210,1,388115,3,4416809,BHARATH G S AGASTHYA,2,0,19,0,4,0,2,1,0,9.50
6947210,1,388115,4,8670699,Ajith P,1,0,9,0,4,0,1,2,0,9.00
6947210,1,388115,5,8556507,Prabhanjan,1,0,11,0,1,0,1,1,0,11.00
6947210,1,388115,6,8444682,Pavan Gautham,1,0,18,1,2,1,2,1,0,18.00
6947210,2,1597088,1,8445356,Pradyumna,1,0,4,0,4,0,0,0,1,4.00
6947210,2,1597088,2,8445462,Prasad K S  (c),1,0,12,0,2,2,0,2,0,12.00
6947210,2,1597088,3,8445318,K S AKSHAY KAUSHIK,1,0,20,0,2,0,3,1,0,20.00
6947210,2,1597088,4,19421271,Krishnamurthy,1,0,18,0,2,1,2,0,1,18.00
6947210,2,1597088,5,8469156,Sridhar,0.2,0,7,0,0,0,1,0,0,21.00
6947241,1,1597090,1,10052264,Srikrishna,1,0,3,1,6,0,0,3,0,3.00
6947241,1,1597090,2,8445420,Madhusudhan K S,1,0,2,0,5,0,0,1,0,2.00
6947241,1,1597090,3,1224122,Badriprasad,2,0,16,2,6,1,1,0,1,8.00
6947241,1,1597090,4,8445499,Paneendra Gautham,1,0,5,1,3,0,0,2,0,5.00
6947241,1,1597090,5,8445368,Jeethu,1,0,10,1,4,0,1,1,1,10.00
6947241,1,1597090,6,8445342,Guruprasad Ramachandrachar  (c),0.5,0,3,0,2,0,0,0,0,3.60
6947241,2,1597091,1,20546462,Hrishikesha,1,0,14,0,4,0,1,7,0,14.00
6947241,2,1597091,2,4048300,Vadiraj,1,0,2,0,6,0,0,2,0,2.00
6947241,2,1597091,3,4143096,Aniruddha Dv,1,0,8,1,3,0,1,0,0,8.00
6947241,2,1597091,4,4048334,Ravi Aniruddha  (c),0.5,0,16,0,1,2,1,1,0,19.20
6948306,1,1597085,1,809867,Prabhav PK,1,0,15,0,2,1,1,3,0,15.00
6948306,1,1597085,2,8556544,Sudhindhra,1,0,11,0,3,1,1,0,0,11.00
6948306,1,1597085,3,5922441,Prasanna  (c),1,0,13,1,3,0,2,0,0,13.00
6948306,1,1597085,4,8445414,Tej,2,0,8,0,9,0,1,0,0,4.00
6948306,1,1597085,5,5994303,Srikanth T K,1,0,22,0,2,1,3,0,0,22.00
6948306,1,1597085,6,8846097,Vishnunandan,1,0,10,0,3,0,1,2,0,10.00
6948306,2,1597088,1,8445356,Pradyumna,1,1,0,0,6,0,0,0,0,0.00
6948306,2,1597088,2,8445462,Prasad K S  (c),1,0,3,0,4,0,0,1,0,3.00
6948306,2,1597088,3,8445318,K S AKSHAY KAUSHIK,2,0,16,0,4,1,1,0,0,8.00
6948306,2,1597088,4,8444531,Shreenidhi Prakash,1,0,13,0,1,0,1,1,1,13.00
6948306,2,1597088,5,6508655,Sudharshan,1,0,18,1,2,1,2,0,1,18.00
6948306,2,1597088,6,8469156,Sridhar,1,0,27,0,2,0,4,3,0,27.00
6948325,1,1597090,1,10052264,Srikrishna,1,0,1,0,5,0,0,0,0,1.00
6948325,1,1597090,2,8445420,Madhusudhan K S,1,0,7,0,2,0,0,3,0,7.00
6948325,1,1597090,3,8445368,Jeethu,2,0,13,1,8,1,1,1,0,6.50
6948325,1,1597090,4,1224122,Badriprasad,1,0,12,0,4,0,2,0,0,12.00
6948325,1,1597090,5,8445499,Paneendra Gautham,1,0,7,0,4,0,1,0,0,7.00
6948325,1,1597090,6,8445342,Guruprasad Ramachandrachar  (c),1,0,13,1,3,0,2,0,0,13.00
6948325,2,1597084,1,3542117,Amith P,1,0,6,0,5,0,0,4,1,6.00
6948325,2,1597084,2,10046726,Shrivatsa Hatwar,1,0,8,0,3,0,1,0,0,8.00
6948325,2,1597084,3,10031492,Mady,1.4,0,12,0,7,0,1,3,1,7.20
6948325,2,1597084,4,8129644,Pavan Kashyap  (c),1,0,11,1,4,0,1,4,0,11.00
6948325,2,1597084,5,8814171,Pavan Raghavendra,1,0,4,0,4,0,0,1,1,4.00
6948325,2,1597084,6,8453971,Srikanth Krishnamurthy,1,0,12,0,4,1,1,2,0,12.00
6948350,1,1597091,1,20546462,Hrishikesha,1,0,17,1,2,1,2,0,0,17.00
6948350,1,1597091,2,4048300,Vadiraj,1,0,10,0,2,1,0,3,0,10.00
6948350,1,1597091,3,8444668,Srisha Badarayana H S,1,0,7,2,4,0,1,0,0,7.00
6948350,1,1597091,4,5387685,Aprameya Guruprasad,1,0,20,0,1,2,1,1,1,20.00
6948350,1,1597091,5,4048334,Ravi Aniruddha  (c),1,0,7,0,4,0,1,0,0,7.00
6948350,1,1597091,6,8445343,Anantha Madhava,1,0,6,1,5,1,0,2,0,6.00
6948350,1,1597091,7,4143096,Aniruddha Dv,0.1,0,0,1,1,0,0,0,0,0.00
6948350,2,1597087,1,8578931,Srihari,1,1,0,1,6,0,0,0,0,0.00
6948350,2,1597087,2,10031570,Sridhar Ramchandrachar,1,0,3,1,4,0,0,1,0,3.00
6948350,2,1597087,3,10047098,Aditya Hatwar,1,0,14,1,2,0,2,0,0,14.00
6948350,2,1597087,4,809163,Pranav PK,2,0,9,1,8,0,1,0,0,4.50
6948350,2,1597087,5,7662592,Vittala,1,0,2,0,4,0,0,0,0,2.00
6948350,2,1597087,6,8452770,Ashrith Kashyap,1,0,10,1,4,1,1,0,0,10.00
6948371,1,388115,1,8450899,Sandeep,1,0,9,0,3,0,1,1,0,9.00
6948371,1,388115,2,10052159,Praveena  (c),1,0,1,0,5,0,0,0,0,1.00
6948371,1,388115,3,4416809,BHARATH G S AGASTHYA,1,0,18,0,3,0,3,0,0,18.00
6948371,1,388115,4,8444682,Pavan Gautham,1,0,10,0,3,0,1,2,0,10.00
6948371,1,388115,5,8670699,Ajith P,2,0,25,1,6,0,3,2,1,12.50
6948371,1,388115,6,10052031,Yashu,1,0,27,1,1,0,4,2,0,27.00
6948371,2,1597085,1,809867,Prabhav PK,1,0,7,0,3,1,0,1,0,7.00
6948371,2,1597085,2,8556544,Sudhindhra,1,0,3,0,4,0,0,1,0,3.00
6948371,2,1597085,3,8445414,Tej,2,0,7,1,7,0,0,2,0,3.50
6948371,2,1597085,4,8846097,Vishnunandan,1,0,15,0,2,0,2,1,0,15.00
6948371,2,1597085,5,8556484,Srinidhi NS,1,0,2,0,4,0,0,0,0,2.00
6948371,2,1597085,6,5922441,Prasanna  (c),1,0,9,0,2,0,1,0,0,9.00
6948377,1,1597084,1,3542117,Amith P,1,0,1,0,6,0,0,0,1,1.00
6948377,1,1597084,2,10046726,Shrivatsa Hatwar,1,0,3,0,4,0,0,1,0,3.00
6948377,1,1597084,3,10031492,Mady,2,0,16,0,8,2,0,3,2,8.00
6948377,1,1597084,4,8814171,Pavan Raghavendra,1,0,9,0,4,0,1,0,2,9.00
6948377,1,1597084,5,8129644,Pavan Kashyap  (c),1,0,17,0,2,1,1,4,1,17.00
6948377,1,1597084,6,8453971,Srikanth Krishnamurthy,1,0,15,1,4,0,2,1,1,15.00
6948377,2,1597091,1,20546462,Hrishikesha,1,0,16,0,1,0,2,1,0,16.00
6948377,2,1597091,2,4048300,Vadiraj,1,0,17,0,2,1,1,4,0,17.00
6948377,2,1597091,3,8445343,Anantha Madhava,1,0,8,0,4,0,1,1,0,8.00
6948377,2,1597091,4,4048334,Ravi Aniruddha  (c),1,0,15,0,2,0,2,1,0,15.00
6948377,2,1597091,5,5387685,Aprameya Guruprasad,0.1,0,6,0,0,1,0,0,1,36.00
6948381,1,1597087,1,8578931,Srihari,1,0,20,1,1,0,2,5,0,20.00
6948381,1,1597087,2,10031570,Sridhar Ramchandrachar,1,0,5,0,3,0,0,1,0,5.00
6948381,1,1597087,3,10047098,Aditya Hatwar,1,0,7,0,4,0,1,0,0,7.00
6948381,1,1597087,4,809163,Pranav PK,2,0,16,1,9,1,1,4,1,8.00
6948381,1,1597087,5,7662592,Vittala,1,0,7,0,4,0,0,0,3,7.00
6948381,1,1597087,6,8452770,Ashrith Kashyap,1,0,2,3,5,0,0,1,0,2.00
6948381,2,1597088,1,8445356,Pradyumna,1,0,8,1,3,0,1,0,0,8.00
6948381,2,1597088,2,8445462,Prasad K S  (c),1,0,4,1,3,0,0,0,0,4.00
6948381,2,1597088,3,8444531,Shreenidhi Prakash,1,0,6,0,2,0,0,2,0,6.00
6948381,2,1597088,4,8445318,K S AKSHAY KAUSHIK,2,0,15,1,7,1,1,2,0,7.50
6948381,2,1597088,5,6508655,Sudharshan,1,0,14,0,2,0,2,0,0,14.00
6948381,2,1597088,6,8469156,Sridhar,1,0,7,1,2,1,0,0,0,7.00
7092207,1,1597087,1,8578931,Srihari,1,0,19,0,2,1,2,2,0,19.00
7092207,1,1597087,2,10031570,Sridhar Ramchandrachar,1,0,2,0,4,0,0,0,0,2.00
7092207,1,1597087,3,10047098,Aditya Hatwar,1,0,18,0,1,1,2,0,0,18.00
7092207,1,1597087,4,809163,Pranav PK,2,0,17,1,5,0,2,0,0,8.50
7092207,1,1597087,5,8452770,Ashrith Kashyap,1,0,14,0,5,0,2,1,1,14.00
7092207,1,1597087,6,7662592,Vittala,1,0,3,0,4,0,0,1,0,3.00
7092207,2,1597085,1,809867,Prabhav PK,1,0,8,1,4,0,1,1,0,8.00
7092207,2,1597085,2,8556544,Sudhindhra,1,0,1,1,5,0,0,0,0,1.00
7092207,2,1597085,3,8556484,Srinidhi NS,1,0,15,1,1,0,2,0,0,15.00
7092207,2,1597085,4,8445414,Tej,2,0,13,0,6,0,1,2,0,6.50
7092207,2,1597085,5,8846097,Vishnunandan,1,0,13,0,1,0,1,3,0,13.00
7092207,2,1597085,6,5994303,Srikanth T K,1,0,19,0,2,1,2,1,1,19.00
7092606,1,1597084,1,3542117,Amith P,1,0,11,0,4,0,1,0,2,11.00
7092606,1,1597084,2,10046726,Shrivatsa Hatwar,1,0,13,0,0,2,0,0,0,13.00
7092606,1,1597084,3,10031492,Mady,2,0,20,2,6,0,2,3,1,10.00
7092606,1,1597084,4,8814171,Pavan Raghavendra,1,0,9,0,4,0,1,0,2,9.00
7092606,1,1597084,5,8129644,Pavan Kashyap  (c),1,0,16,0,2,0,2,2,0,16.00
7092606,1,1597084,6,8453971,Srikanth Krishnamurthy,1,0,10,1,3,0,1,1,0,10.00
7092606,2,1597088,1,8445356,Pradyumna,1,0,4,1,3,0,0,0,1,4.00
7092606,2,1597088,2,8445462,Prasad K S  (c),1,0,9,0,2,0,1,0,0,9.00
7092606,2,1597088,3,8444531,Shreenidhi Prakash,1,0,16,0,4,0,2,1,2,16.00
7092606,2,1597088,4,8445318,K S AKSHAY KAUSHIK,2,0,17,0,5,0,2,0,0,8.50
7092606,2,1597088,5,6508655,Sudharshan,1,0,11,0,2,0,1,2,0,11.00
7092606,2,1597088,6,8469156,Sridhar,1,0,17,0,2,0,2,3,0,17.00
7093189,1,1597087,1,8578931,Srihari,1,0,8,0,3,1,0,1,0,8.00
7093189,1,1597087,2,10031570,Sridhar Ramchandrachar,1,1,0,0,6,0,0,0,0,0.00
7093189,1,1597087,3,10047098,Aditya Hatwar,1,0,13,0,1,0,1,3,0,13.00
7093189,1,1597087,4,7662592,Vittala,2,0,24,0,6,2,2,0,1,12.00
7093189,1,1597087,5,809163,Pranav PK,1,0,21,0,2,0,3,0,1,21.00
7093189,1,1597087,6,8452770,Ashrith Kashyap,1,0,28,0,1,0,4,0,1,28.00
7093189,2,1597088,1,8445356,Pradyumna,1,0,2,0,4,0,0,0,0,2.00
7093189,2,1597088,2,8445462,Prasad K S  (c),1,0,4,0,2,0,0,0,0,4.00
7093189,2,1597088,3,8445318,K S AKSHAY KAUSHIK,2,0,33,0,3,1,3,4,1,16.50
7093189,2,1597088,4,8469156,Sridhar,1,0,33,0,0,1,4,0,2,33.00
7093189,2,1597088,5,8444531,Shreenidhi Prakash,1,0,14,0,1,0,1,4,0,14.00
7093189,2,1597088,6,6508655,Sudharshan,0.4,0,9,0,2,0,1,0,1,13.50
7512871,1,1597087,1,8578931,Srihari,1,0,2,0,4,0,0,0,0,2.00
7512871,1,1597087,2,10031570,Sridhar Ramchandrachar,1,0,10,0,3,0,1,0,1,10.00
7512871,1,1597087,3,7662592,Vittala,2,0,18,0,4,2,0,2,1,9.00
7512871,1,1597087,4,809163,Pranav PK,1,0,9,0,2,0,1,0,0,9.00
7512871,1,1597087,5,8452770,Ashrith Kashyap,1,0,13,0,1,1,1,0,0,13.00
7512871,1,1597087,6,10047098,Aditya Hatwar,1,0,16,1,1,1,1,3,0,16.00
7512871,2,1597085,1,809867,Prabhav PK,1,0,5,1,5,1,0,1,0,5.00
7512871,2,1597085,2,8556544,Sudhindhra,1,0,2,1,4,0,0,0,0,2.00
7512871,2,1597085,3,8445414,Tej,2,0,9,1,6,1,0,0,0,4.50
7512871,2,1597085,4,5922441,Prasanna  (c),1,0,14,2,3,1,1,1,1,14.00
7512871,2,1597085,5,8556484,Srinidhi NS,1,0,20,0,1,0,2,3,0,20.00
7512871,2,1597085,6,8846097,Vishnunandan,0.3,0,12,1,1,0,2,0,0,24.00
10869150,1,3881115,1,8450899,Sandeep,1,0,7,1,4,0,1,0,0,7.00
10869150,1,3881115,2,10052159,Praveena  (c),1,0,2,1,6,0,0,2,0,2.00
10869150,1,3881115,3,8444682,Pavan Gautham,1,0,15,0,4,0,2,3,0,15.00
10869150,1,3881115,4,10052031,Yashu,1,0,4,0,4,0,0,0,1,4.00
10869150,1,3881115,5,19645071,Achuth,2,0,12,1,5,0,1,0,0,6.00
10869150,1,3881115,6,29632164,Raghunandan,1,0,14,0,3,0,2,1,0,14.00
10869150,2,6733389,1,24597937,Pradhdhyumna Kashyap HP,1,0,4,0,3,0,0,1,0,4.00
10869150,2,6733389,2,8445462,Prasad K S  (c),1,0,4,0,2,0,0,0,0,4.00
10869150,2,6733389,3,8444531,Shreenidhi Prakash,2,0,15,0,6,1,1,1,0,7.50
10869150,2,6733389,4,6508655,Sudharshan,1,0,4,0,2,0,0,0,0,4.00
10869150,2,6733389,5,29631807,Krishnamoorthy,0.5,0,31,0,1,0,5,0,1,37.20
10869160,1,6767132,1,29631917,Hrishikesha,1,0,3,0,4,0,0,1,0,3.00
10869160,1,6767132,2,4048300,Vadiraj,1,0,6,0,4,0,0,1,2,6.00
10869160,1,6767132,3,8445343,Anantha Madhava,2,0,33,1,6,0,5,1,0,16.50
10869160,1,6767132,4,4143096,Aniruddha Dv,1,0,16,0,1,0,2,1,0,16.00
10869160,1,6767132,5,4048334,Ravi Aniruddha  (c),1,0,15,0,2,0,2,0,0,15.00
10869160,1,6767132,6,10339400,Aprameya Guruprasad,1,0,10,2,2,0,1,0,0,10.00
10869160,2,6767128,1,10075428,Prabhav  Krishna,1,0,2,0,5,0,0,1,0,2.00
10869160,2,6767128,2,8556544,Sudhindhra,1,0,12,0,4,0,2,0,0,12.00
10869160,2,6767128,3,8556484,Srinidhi NS,1,0,7,1,4,0,1,0,0,7.00
10869160,2,6767128,4,8846097,Vishnunandan,2,0,12,3,10,1,1,2,0,6.00
10869160,2,6767128,5,8445414,Tej,1,0,1,0,5,0,0,0,0,1.00
10869160,2,6767128,6,5994303,Srikanth T K,1,0,30,0,2,2,3,1,2,30.00
10869162,1,6767134,1,10117071,Anantha,1,0,7,1,4,0,1,0,0,7.00
10869162,1,6767134,2,8445420,Madhusudhan K S,1,0,2,1,4,0,0,0,0,2.00
10869162,1,6767134,3,8445368,Jeethu,2,0,31,0,3,0,4,2,0,15.50
10869162,1,6767134,4,1224122,Badriprasad,1,0,11,1,2,0,1,2,0,11.00
10869162,1,6767134,5,8445342,Guruprasad Ramachandrachar  (c),1,0,4,2,4,0,0,2,0,4.00
10869162,1,6767134,6,8445499,Paneendra Gautham,1,0,25,0,1,0,4,0,0,25.00
10869162,2,1597084,1,3542117,Amith P,1,0,2,0,5,0,0,0,1,2.00
10869162,2,1597084,2,19048034,Balaji,1,0,2,0,4,0,0,0,0,2.00
10869162,2,1597084,3,10031492,Mady,2,0,11,2,8,0,1,2,0,5.50
10869162,2,1597084,4,14211268,Pramit,1,0,12,1,4,0,2,0,0,12.00
10869162,2,1597084,5,8129644,Pavan Kashyap  (c),1,0,8,0,3,0,1,0,0,8.00
10869162,2,1597084,6,8814171,Pavan Raghavendra,1,0,14,0,3,0,2,1,0,14.00
10869170,1,6767130,1,8578931,Srihari,1,0,12,0,2,1,1,0,0,12.00
10869170,1,6767130,2,29631844,Sridhar Dixit,1,0,7,0,2,1,0,0,0,7.00
10869170,1,6767130,3,809163,Pranav PK,2,1,5,1,11,1,0,1,0,2.50
10869170,1,6767130,4,7662592,Vittala,1,0,16,0,3,2,1,1,1,16.00
10869170,1,6767130,5,8452770,Ashrith Kashyap,1,0,2,1,4,0,0,0,0,2.00
10869170,1,6767130,6,10047098,Aditya Hatwar,1,0,23,0,0,4,1,0,0,23.00
10869170,2,6733389,1,24597937,Pradhdhyumna Kashyap HP,1,0,8,0,3,0,1,0,0,8.00
10869170,2,6733389,2,8445462,Prasad K S  (c),1,0,15,0,2,0,2,0,1,15.00
10869170,2,6733389,3,8444531,Shreenidhi Prakash,1,0,14,0,2,0,2,0,0,14.00
10869170,2,6733389,4,6508655,Sudharshan,1.4,0,12,2,7,0,1,3,0,7.20
10869170,2,6733389,5,8469156,Sridhar,1,0,17,2,2,1,2,0,0,17.00
10869175,1,6767134,1,10117071,Anantha,1,0,2,0,4,0,0,0,0,2.00
10869175,1,6767134,2,8445420,Madhusudhan K S,1,0,1,0,5,0,0,0,0,1.00
10869175,1,6767134,3,8445368,Jeethu,2,0,21,1,7,0,3,1,0,10.50
10869175,1,6767134,4,8445342,Guruprasad Ramachandrachar  (c),1,0,4,1,2,0,0,0,0,4.00
10869175,1,6767134,5,1224122,Badriprasad,1,0,14,0,3,1,1,3,0,14.00
10869175,1,6767134,6,8445499,Paneendra Gautham,1,0,11,0,3,1,1,0,0,11.00
10869175,2,6767128,1,10075428,Prabhav  Krishna,1,0,1,1,5,0,0,0,0,1.00
10869175,2,6767128,2,8556544,Sudhindhra,1,0,16,0,3,0,2,3,0,16.00
10869175,2,6767128,3,8445414,Tej,2,0,16,1,7,0,1,4,1,8.00
10869175,2,6767128,4,8846097,Vishnunandan,1,0,1,0,5,0,0,0,0,1.00
10869175,2,6767128,5,5994303,Srikanth T K,1,0,9,1,3,0,1,1,0,9.00
10869175,2,6767128,6,8556484,Srinidhi NS,0.4,0,6,2,3,0,1,0,0,9.00
10869184,1,3881115,1,8450899,Sandeep,1,0,1,0,5,0,0,0,0,1.00
10869184,1,3881115,2,10052159,Praveena  (c),1,0,2,0,5,0,0,1,0,2.00
10869184,1,3881115,3,4416809,BHARATH G S AGASTHYA,2,0,11,1,6,0,1,0,0,5.50
10869184,1,3881115,4,10052031,Yashu,1,0,16,0,3,1,2,0,0,16.00
10869184,1,3881115,5,8444682,Pavan Gautham,1,0,3,0,4,0,0,1,0,3.00
10869184,1,3881115,6,8670699,Ajith P,1,0,8,0,3,0,1,0,0,8.00
10869184,2,6767132,1,29631917,Hrishikesha,1,0,2,0,5,0,0,0,1,2.00
10869184,2,6767132,2,4048300,Vadiraj,1,0,2,0,4,0,0,0,0,2.00
10869184,2,6767132,3,10339400,Aprameya Guruprasad,2,0,24,1,7,0,3,4,0,12.00
10869184,2,6767132,4,8445343,Anantha Madhava,1,0,10,1,3,0,1,2,0,10.00
10869184,2,6767132,5,4143096,Aniruddha Dv,1,0,2,1,4,0,0,0,0,2.00
10869184,2,6767132,6,4048334,Ravi Aniruddha  (c),0.5,0,2,1,3,0,0,0,0,2.40
10869193,1,1597084,1,3542117,Amith P,1,0,5,0,3,0,0,1,0,5.00
10869193,1,1597084,2,19048034,Balaji,1,0,3,1,4,0,0,0,1,3.00
10869193,1,1597084,3,10031492,Mady,2,0,27,0,2,0,3,2,0,13.50
10869193,1,1597084,4,8129644,Pavan Kashyap  (c),1,0,14,0,2,2,0,4,0,14.00
10869193,1,1597084,5,8814171,Pavan Raghavendra,1,0,22,0,1,2,2,0,0,22.00
10869193,2,6767130,1,8578931,Srihari,1,0,8,0,3,0,1,0,0,8.00
10869193,2,6767130,2,29631844,Sridhar Dixit,1,0,10,0,2,0,1,0,1,10.00
10869193,2,6767130,3,809163,Pranav PK,2,1,6,0,10,1,0,1,0,3.00
10869193,2,6767130,4,7662592,Vittala,1,0,13,0,4,0,2,1,0,13.00
10869193,2,6767130,5,8452770,Ashrith Kashyap,1,0,10,0,2,0,1,1,0,10.00
12170931,1,1597084,1,3542117,Amith P,1,0,4,0,2,0,0,0,0,4.00
12170931,1,1597084,2,19048034,Balaji,1,0,3,0,3,0,0,0,0,3.00
12170931,1,1597084,3,10046726,Shrivatsa Hatwar,1,0,15,0,2,0,2,1,0,15.00
12170931,1,1597084,4,10031492,Mady,2,0,12,2,8,2,0,1,1,6.00
12170931,1,1597084,5,8129644,Pavan Kashyap  (c),1,0,4,0,4,0,0,2,0,4.00
12170931,1,1597084,6,8814171,Pavan Raghavendra,1,0,7,0,4,0,1,0,0,7.00
12170931,2,3881115,1,8450899,Sandeep,1,0,3,1,4,0,0,1,0,3.00
12170931,2,3881115,2,10052159,Praveena  (c),1,0,2,0,5,0,0,1,0,2.00
12170931,2,3881115,3,4416809,BHARATH G S AGASTHYA,1,0,22,0,3,2,2,1,1,22.00
12170931,2,3881115,4,8670699,Ajith P,1,0,12,1,3,1,1,0,1,12.00
12170931,2,3881115,5,8444682,Pavan Gautham,1,0,4,0,4,0,0,2,0,4.00
12170931,2,3881115,6,10052031,Yashu,0.5,0,3,1,4,0,0,2,0,3.60
12172071,1,6767130,1,8578931,Srihari,1,0,1,0,5,0,0,0,0,1.00
12172071,1,6767130,2,29631844,Sridhar Dixit,1,0,11,0,2,0,1,1,1,11.00
12172071,1,6767130,3,809163,Pranav PK,2,0,11,0,8,0,1,2,0,5.50
12172071,1,6767130,4,7662592,Vittala,1,0,6,1,3,1,0,0,0,6.00
12172071,1,6767130,5,8452770,Ashrith Kashyap,1,0,13,0,2,0,1,4,0,13.00
12172071,1,6767130,6,10047098,Aditya Hatwar,1,0,6,1,1,0,0,0,1,6.00
12172071,2,6767128,1,10075428,Prabhav  Krishna,1,0,3,0,4,0,0,1,0,3.00
12172071,2,6767128,2,8556544,Sudhindhra,1,0,10,0,2,0,1,0,1,10.00
12172071,2,6767128,3,8445414,Tej,1,0,20,0,1,1,2,2,0,20.00
12172071,2,6767128,4,8846097,Vishnunandan,1.1,0,13,0,4,0,1,4,0,11.14
12172071,2,6767128,5,5922441,Prasanna  (c),0,0,0,0,0,0,0,0,0,0.00
12172071,2,6767128,6,8556484,Srinidhi NS,1,0,3,1,3,0,0,0,0,3.00
12173205,1,6767130,1,8578931,Srihari,1,0,4,0,4,0,0,1,1,4.00
12173205,1,6767130,2,29631844,Sridhar Dixit,1,0,2,0,5,0,0,0,1,2.00
12173205,1,6767130,3,809163,Pranav PK,2,0,8,0,9,0,1,0,0,4.00
12173205,1,6767130,4,7662592,Vittala,1,0,3,0,3,0,0,0,0,3.00
12173205,1,6767130,5,8452770,Ashrith Kashyap,1,0,17,0,3,1,2,1,0,17.00
12173205,1,6767130,6,10047098,Aditya Hatwar,1,0,16,0,2,2,1,0,0,16.00
12173205,2,3881115,1,8450899,Sandeep,1,0,2,0,4,0,0,0,0,2.00
12173205,2,3881115,2,10052159,Praveena  (c),1,0,10,0,2,0,1,1,0,10.00
12173205,2,3881115,3,8444682,Pavan Gautham,1,0,7,0,4,1,0,1,1,7.00
12173205,2,3881115,4,4416809,BHARATH G S AGASTHYA,1.3,0,15,1,5,0,2,1,0,10.00
12173205,2,3881115,5,8670699,Ajith P,1,0,19,0,3,0,3,1,0,19.00
12174087,1,1597084,1,3542117,Amith P,1,0,7,1,4,0,1,0,0,7.00
12174087,1,1597084,2,19048034,Balaji,1,0,8,0,3,1,0,0,1,8.00
12174087,1,1597084,3,10046726,Shrivatsa Hatwar,1,0,13,0,3,0,2,0,0,13.00
12174087,1,1597084,4,10031492,Mady,2,0,16,2,7,1,1,1,1,8.00
12174087,1,1597084,5,8129644,Pavan Kashyap  (c),1,0,13,2,4,1,1,2,0,13.00
12174087,1,1597084,6,8814171,Pavan Raghavendra,1,0,2,0,5,0,0,1,0,2.00
12174087,2,6767130,1,8578931,Srihari,1,0,8,0,3,1,0,1,1,8.00
12174087,2,6767130,2,29631844,Sridhar Dixit,1,0,7,0,1,0,0,2,0,7.00
12174087,2,6767130,3,809163,Pranav PK,2,0,26,0,8,0,4,2,0,13.00
12174087,2,6767130,4,7662592,Vittala,1,0,9,0,4,0,1,1,1,9.00
12174087,2,6767130,5,8452770,Ashrith Kashyap,1,0,3,1,4,0,0,1,0,3.00
12174087,2,6767130,6,10047098,Aditya Hatwar,0.4,0,13,0,1,0,2,0,0,19.50
17092597,1,1597084,1,3542117,Amith P,1,0,10,0,3,0,1,1,0,10.00
17092597,1,1597084,2,19048034,Balaji,1,0,3,0,3,0,0,0,0,3.00
17092597,1,1597084,3,10031492,Mady,1,0,15,0,5,0,2,1,2,15.00
17092597,1,1597084,4,15348376,Pavan DP,1,0,13,1,4,0,2,1,0,13.00
17092597,1,1597084,5,8129644,Pavan Kashyap  (c),2,0,22,1,7,1,2,4,0,11.00
17092597,1,1597084,6,8453971,Srikanth Krishnamurthy,1,0,7,0,4,0,1,0,0,7.00
17092597,2,6733389,1,24597937,Pradhdhyumna Kashyap HP,1,0,17,0,3,0,2,4,0,17.00
17092597,2,6733389,2,8445462,Prasad K S  (c),1,0,11,0,4,1,0,1,3,11.00
17092597,2,6733389,3,8444531,Shreenidhi Prakash,1,0,18,0,1,0,2,1,1,18.00
17092597,2,6733389,4,6508655,Sudharshan,1,0,11,1,4,1,1,1,0,11.00
17092597,2,6733389,5,8469156,Sridhar,1,0,18,0,3,0,3,0,0,18.00
17092604,1,6767130,1,29631844,Sridhar Dixit,1,0,6,0,5,0,1,0,0,6.00
17092604,1,6767130,2,809163,Pranav PK,2,0,14,1,6,0,1,3,0,7.00
17092604,1,6767130,3,8452770,Ashrith Kashyap,1,0,21,0,2,0,3,0,1,21.00
17092604,1,6767130,4,7662592,Vittala,1,0,8,2,4,1,0,1,2,8.00
17092604,1,6767130,5,10047098,Aditya Hatwar,1,0,13,0,2,1,1,0,1,13.00
17092604,2,6767132,1,4048300,Vadiraj,1,0,6,0,3,0,0,3,0,6.00
17092604,2,6767132,2,10339400,Aprameya Guruprasad,2,0,21,0,8,0,3,1,1,10.50
17092604,2,6767132,3,8445343,Anantha Madhava,1,0,20,0,2,0,3,1,0,20.00
17092604,2,6767132,4,4143096,Aniruddha Dv,1,0,13,0,3,0,2,0,0,13.00
17092604,2,6767132,5,4048334,Ravi Aniruddha  (c),0.5,0,7,0,3,0,1,0,0,8.40
17092610,1,3881115,1,8450899,Sandeep,1,0,13,0,2,1,1,1,0,13.00
17092610,1,3881115,2,4416809,BHARATH G S AGASTHYA,2,0,23,1,5,0,3,1,0,11.50
17092610,1,3881115,3,8444682,Pavan Gautham,1,0,10,0,2,1,0,3,0,10.00
17092610,1,3881115,4,8670699,Ajith P,1,0,26,0,1,1,3,2,1,26.00
17092610,1,3881115,5,29632164,Raghunandan,1,0,16,0,1,2,1,0,0,16.00
17092610,2,1597084,1,3542117,Amith P,1,0,1,0,5,0,0,0,0,1.00
17092610,2,1597084,2,10031492,Mady,2,0,4,2,11,0,0,3,0,2.00
17092610,2,1597084,3,15348376,Pavan DP,1,0,3,2,5,0,0,2,0,3.00
17092610,2,1597084,4,19048034,Balaji,0.3,0,2,0,2,0,0,1,0,4.00
17092622,1,6767134,1,10052264,Srikrishna,1,0,1,0,5,0,0,0,0,1.00
17092622,1,6767134,2,8445420,Madhusudhan K S,1,0,2,0,5,0,0,0,1,2.00
17092622,1,6767134,3,8445342,Guruprasad Ramachandrachar  (c),1,0,14,1,4,0,2,1,1,14.00
17092622,1,6767134,4,1224122,Badriprasad,1,0,11,0,4,0,1,3,1,11.00
17092622,1,6767134,5,8445368,Jeethu,2,0,6,1,6,0,0,0,0,3.00
17092622,1,6767134,6,8445499,Paneendra Gautham,1,0,7,0,3,1,0,1,0,7.00
17092622,2,6767132,1,29631917,Hrishikesha,1,0,3,0,3,0,0,0,0,3.00
17092622,2,6767132,2,4048300,Vadiraj,1,0,11,0,3,0,1,0,2,11.00
17092622,2,6767132,3,10339400,Aprameya Guruprasad,1,0,10,0,2,0,1,1,0,10.00
17092622,2,6767132,4,4143096,Aniruddha Dv,1,0,17,0,2,1,2,0,0,17.00
17092622,2,6767132,5,8445343,Anantha Madhava,0.1,0,6,0,0,0,1,0,0,36.00
17092631,1,6733389,1,24597937,Pradhdhyumna Kashyap HP,1,0,8,0,4,0,1,1,0,8.00
17092631,1,6733389,2,8444531,Shreenidhi Prakash,2,0,35,1,5,0,4,8,0,17.50
17092631,1,6733389,3,6508655,Sudharshan,1,0,24,0,2,0,4,0,0,24.00
17092631,1,6733389,4,8469156,Sridhar,1,0,19,0,2,0,3,0,0,19.00
17092631,1,6733389,5,29631807,Krishnamoorthy,1,1,0,0,6,0,0,0,0,0.00
17092631,2,3881115,1,8450899,Sandeep,1,0,15,0,2,0,2,1,0,15.00
17092631,2,3881115,2,8444682,Pavan Gautham,1,0,9,0,3,0,1,1,0,9.00
17092631,2,3881115,3,4416809,BHARATH G S AGASTHYA,2,0,22,0,7,0,3,1,1,11.00
17092631,2,3881115,4,10052031,Yashu,1,0,27,0,1,2,3,1,0,27.00
17092631,2,3881115,5,29632164,Raghunandan,0.5,0,19,0,2,0,3,1,0,22.80
17092642,1,1597084,1,3542117,Amith P,1,0,4,0,4,0,0,1,1,4.00
17092642,1,1597084,2,10031492,Mady,2,0,23,0,5,0,2,1,2,11.50
17092642,1,1597084,3,8129644,Pavan Kashyap  (c),1,0,11,0,2,0,1,2,0,11.00
17092642,1,1597084,4,19048034,Balaji,1,0,18,1,2,0,2,2,2,18.00
17092642,1,1597084,5,15348376,Pavan DP,1,0,6,0,5,0,1,0,0,6.00
17092642,2,6767128,1,10075428,Prabhav  Krishna,1,0,6,0,5,0,1,0,0,6.00
17092642,2,6767128,2,8556484,Srinidhi NS,1,0,5,0,5,1,0,1,0,5.00
17092642,2,6767128,3,8445414,Tej,2,0,23,0,5,0,3,0,0,11.50
17092642,2,6767128,4,8846097,Vishnunandan,1,0,13,1,3,1,1,0,1,13.00
17092642,2,6767128,5,5994303,Srikanth T K,1,0,21,0,0,0,3,0,0,21.00
17092655,1,6767134,1,10052264,Srikrishna,1,0,22,0,3,0,3,4,0,22.00
17092655,1,6767134,2,8445420,Madhusudhan K S,1,0,8,0,3,0,1,0,0,8.00
17092655,1,6767134,3,1224122,Badriprasad,1,0,14,1,3,0,2,1,0,14.00
17092655,1,6767134,4,8445342,Guruprasad Ramachandrachar  (c),1,0,18,0,3,0,3,0,0,18.00
17092655,1,6767134,5,8445368,Jeethu,2,0,26,0,7,1,3,2,1,13.00
17092655,1,6767134,6,8445499,Paneendra Gautham,1,0,8,1,5,0,1,2,0,8.00
17092655,2,6733389,1,24597937,Pradhdhyumna Kashyap HP,1,0,2,0,4,0,0,0,0,2.00
17092655,2,6733389,2,8445462,Prasad K S  (c),1,0,22,0,1,0,3,2,0,22.00
17092655,2,6733389,3,8444531,Shreenidhi Prakash,2,0,17,2,7,0,2,1,1,8.50
17092655,2,6733389,4,6508655,Sudharshan,1,0,19,1,1,1,2,1,0,19.00
17092655,2,6733389,5,8469156,Sridhar,1,0,19,0,2,0,3,0,0,19.00
17092655,2,6733389,6,29631807,Krishnamoorthy,1,0,10,1,2,0,1,0,0,10.00
17092657,1,6767128,1,8556544,Sudhindhra,1,1,0,0,6,0,0,0,0,0.00
17092657,1,6767128,2,5922441,Prasanna  (c),1,0,26,0,1,0,4,1,0,26.00
17092657,1,6767128,3,8445414,Tej,2,0,23,0,2,1,2,0,0,11.50
17092657,1,6767128,4,8556484,Srinidhi NS,1,0,15,0,2,0,2,1,0,15.00
17092657,1,6767128,5,8846097,Vishnunandan,1,0,9,0,4,0,1,1,0,9.00
17092657,2,6767130,1,29631844,Sridhar Dixit,1,0,14,0,2,0,2,0,0,14.00
17092657,2,6767130,2,809163,Pranav PK,2,0,7,1,8,1,0,0,0,3.50
17092657,2,6767130,3,7662592,Vittala,1,0,23,0,0,0,3,2,0,23.00
17092657,2,6767130,4,10047098,Aditya Hatwar,1,0,23,0,2,1,3,1,0,23.00
17092657,2,6767130,5,8444550,Bharadwaj Srivatsa  (c),0.2,0,12,0,0,0,2,0,0,36.00
17151344,1,1597084,1,3542117,Amith P,1,0,5,0,2,0,0,1,0,5.00
17151344,1,1597084,2,19048034,Balaji,1,0,8,0,3,0,1,0,0,8.00
17151344,1,1597084,3,10031492,Mady,1,0,20,0,3,0,3,2,0,20.00
17151344,1,1597084,4,15348376,Pavan DP,1,0,14,0,3,0,2,1,0,14.00
17151344,1,1597084,5,8129644,Pavan Kashyap  (c),2,0,35,1,4,0,5,2,0,17.50
17151344,1,1597084,6,8453971,Srikanth Krishnamurthy,1,0,24,0,0,1,3,0,0,24.00
17151344,2,6767128,1,10075428,Prabhav  Krishna,1,0,19,0,1,1,2,1,0,19.00
17151344,2,6767128,2,8556544,Sudhindhra,1,0,3,0,5,0,0,1,1,3.00
17151344,2,6767128,3,8445414,Tej,2,0,20,0,3,1,1,1,2,10.00
17151344,2,6767128,4,8556484,Srinidhi NS,1,0,11,1,4,1,1,1,0,11.00
17151344,2,6767128,5,8846097,Vishnunandan,1,0,8,1,6,0,1,1,1,8.00
17151344,2,6767128,6,5922441,Prasanna  (c),1,0,18,0,3,1,2,1,1,18.00
17151377,1,6733389,1,24597937,Pradhdhyumna Kashyap HP,1,0,4,0,4,0,0,0,1,4.00
17151377,1,6733389,2,8445462,Prasad K S  (c),1,0,14,0,2,3,0,1,0,14.00
17151377,1,6733389,3,8444531,Shreenidhi Prakash,2,0,21,0,7,1,2,3,0,10.50
17151377,1,6733389,4,29631807,Krishnamoorthy,1,0,1,1,5,0,0,0,0,1.00
17151377,1,6733389,5,6508655,Sudharshan,1,0,20,0,3,0,3,2,0,20.00
17151377,1,6733389,6,8469156,Sridhar,1,0,13,1,3,0,2,0,0,13.00
17151377,2,6767134,1,10052264,Srikrishna,1,0,20,0,3,0,3,1,1,20.00
17151377,2,6767134,2,8445420,Madhusudhan K S,1,0,3,0,4,0,0,1,0,3.00
17151377,2,6767134,3,8445368,Jeethu,1,0,19,0,3,0,3,1,0,19.00
17151377,2,6767134,4,1224122,Badriprasad,1.4,0,20,1,7,1,2,4,0,12.00
17151377,2,6767134,5,8445342,Guruprasad Ramachandrachar  (c),1,0,15,0,3,0,2,1,1,15.00
17153784,1,1597084,1,3542117,Amith P,1,0,9,0,3,0,1,1,0,9.00
17153784,1,1597084,2,19048034,Balaji,1,0,2,0,4,0,0,0,0,2.00
17153784,1,1597084,3,10031492,Mady,2,0,4,2,11,0,0,1,2,2.00
17153784,1,1597084,4,8129644,Pavan Kashyap  (c),1,0,26,1,2,1,3,4,0,26.00
17153784,1,1597084,5,15348376,Pavan DP,1,0,17,0,2,1,2,0,0,17.00
17153784,1,1597084,6,8453971,Srikanth Krishnamurthy,1,0,14,0,4,0,2,2,0,14.00
17153784,2,6733389,1,24597937,Pradhdhyumna Kashyap HP,1,0,9,0,3,0,1,1,0,9.00
17153784,2,6733389,2,8445462,Prasad K S  (c),1,0,8,0,3,0,1,0,0,8.00
17153784,2,6733389,3,8444531,Shreenidhi Prakash,1,0,7,0,1,0,0,1,1,7.00
17153784,2,6733389,4,29631807,Krishnamoorthy,2,0,21,2,7,0,2,3,2,10.50
17153784,2,6733389,5,6508655,Sudharshan,1,0,9,2,3,0,1,1,0,9.00
17153784,2,6733389,6,8469156,Sridhar,0.5,0,20,0,1,0,3,1,0,24.00
17154937,1,1597084,1,3542117,Amith P,1,0,5,0,3,0,0,2,0,5.00
17154937,1,1597084,2,19048034,Balaji,1,0,10,0,4,1,1,0,0,10.00
17154937,1,1597084,3,10031492,Mady,2,0,10,0,7,1,0,1,1,5.00
17154937,1,1597084,4,8129644,Pavan Kashyap  (c),1,0,6,0,3,0,0,3,0,6.00
17154937,1,1597084,5,15348376,Pavan DP,1,0,12,0,2,0,1,0,1,12.00
17154937,1,1597084,6,8453971,Srikanth Krishnamurthy,1,0,7,0,2,0,0,2,1,7.00
17154937,2,6767128,1,10075428,Prabhav  Krishna,1,0,17,0,3,1,2,0,1,17.00
17154937,2,6767128,2,8556544,Sudhindhra,1,0,2,0,6,0,0,2,0,2.00
17154937,2,6767128,3,8445414,Tej,2,0,10,1,8,0,1,1,0,5.00
17154937,2,6767128,4,8556484,Srinidhi NS,1,0,13,0,4,0,2,1,0,13.00
17154937,2,6767128,5,8846097,Vishnunandan,1,0,4,0,3,0,0,1,0,4.00
17154937,2,6767128,6,5994303,Srikanth T K,0.1,0,6,0,0,0,1,0,0,36.00
