cricheroes_match_id,cricheroes_team_id,cricheroes_player_id,batting_order,is_captain,is_keeper,is_substitute
1690015,1251247,5387685,1,0,0,0
1690015,1251247,8444682,2,0,0,0
1690015,1251247,8129644,3,1,0,0
1690015,1251247,8445292,4,0,0,0
1690015,1251253,8445356,1,0,0,0
1690015,1251253,8467573,,0,0,0
1690015,1251253,4416809,3,0,0,0
1690015,1251253,8445342,,0,0,0
1690015,1251253,8445368,,0,0,0
1690015,1251253,8469155,2,0,0,0
1690015,1251247,8450899,,0,0,0
1690017,1251242,8445376,1,0,0,0
1690017,1251242,8445414,2,0,0,0
1690017,1251242,809163,3,0,0,0
1690017,1251256,8556484,1,0,0,0
1690017,1251256,6508655,5,0,0,0
1690017,1251256,1224122,4,0,0,0
1690017,1251256,8556507,2,0,0,0
1690017,1251256,8445318,3,0,0,0
1690017,1251256,8445462,6,1,1,0
1690017,1251242,8444668,,0,0,0
1690017,1251242,8445420,,0,0,0
1690018,1251263,809867,1,0,0,0
1690018,1251263,4143096,2,0,0,0
1690018,1251263,4048334,3,1,0,0
1690018,1251263,8445499,4,0,0,0
1690018,1251263,8445343,5,0,0,0
1690018,1251252,8578931,1,0,0,0
1690018,1251252,8444550,4,1,0,0
1690018,1251252,8846097,,0,0,0
1690018,1251252,8444531,3,0,0,0
1690018,1251252,5994303,5,0,0,0
1690018,1251252,7662592,2,0,0,0
1690018,1251263,8469156,,0,0,0
1690019,1251256,8556484,1,0,0,0
1690019,1251256,1224122,2,0,0,0
1690019,1251256,8556507,3,0,0,0
1690019,1251256,6508655,4,0,0,0
1690019,1251256,8445318,5,0,0,0
1690019,1251247,8450899,,0,0,0
1690019,1251247,8445292,,0,0,0
1690019,1251247,5387685,1,0,0,0
1690019,1251247,8444682,3,0,0,0
1690019,1251247,8129644,2,1,0,0
1690019,1251256,8445462,,0,0,0
1690021,1251252,8578931,1,0,0,0
1690021,1251252,8444550,2,1,0,0
1690021,1251252,8444531,3,0,0,0
1690021,1251252,5994303,4,0,0,0
1690021,1251252,8846097,5,0,0,0
1690021,1251252,7662592,6,0,1,0
1690021,1251253,8445356,1,0,0,0
1690021,1251253,8445342,4,1,0,0
1690021,1251253,4416809,3,0,0,0
1690021,1251253,8445368,2,0,0,0
1690021,1251253,8467573,5,0,0,0
1690021,1251253,8469155,6,0,0,0
1690024,1251263,809867,1,0,0,0
1690024,1251263,4143096,2,0,0,0
1690024,1251263,8445343,3,0,0,0
1690024,1251263,4048334,4,1,0,0
1690024,1251263,8445499,5,0,0,0
1690024,1251263,8469156,6,0,0,0
1690024,1251242,8445376,1,0,0,0
1690024,1251242,8445420,5,0,1,0
1690024,1251242,8445414,2,0,0,0
1690024,1251242,5922441,4,1,0,0
1690024,1251242,809163,3,0,0,0
1690024,1251242,8444668,6,0,0,0
1690028,1251252,8578931,1,0,0,0
1690028,1251252,8444550,2,1,0,0
1690028,1251252,8444531,3,0,0,0
1690028,1251252,5994303,4,0,0,0
1690028,1251252,8846097,5,0,0,0
1690028,1251247,8450899,6,0,0,0
1690028,1251247,5387685,1,0,0,0
1690028,1251247,8129644,3,1,0,0
1690028,1251247,8444682,2,0,0,0
1690028,1251247,8445292,4,0,0,0
1690028,1251247,4048300,5,0,0,0
1690028,1251252,7662592,,0,0,0
1690031,1251253,8445356,1,0,0,0
1690031,1251253,8445368,2,0,0,0
1690031,1251253,4416809,3,0,0,0
1690031,1251242,8445376,1,0,0,0
1690031,1251242,809163,2,0,0,0
1690031,1251242,8445414,3,0,0,0
1690031,1251242,8445420,5,0,0,0
1690031,1251242,5922441,4,1,0,0
1690031,1251253,8445342,,0,0,0
1690031,1251253,8467573,,0,0,0
1690031,1251253,8469155,,0,0,0
1690029,1251256,8556484,1,0,0,0
1690029,1251256,1224122,2,0,0,0
1690029,1251256,8556507,3,0,0,0
1690029,1251256,8445318,4,0,0,0
1690029,1251263,809867,1,0,0,0
1690029,1251263,4048334,5,1,0,0
1690029,1251263,8445499,3,0,0,0
1690029,1251263,4143096,4,0,0,0
1690029,1251263,8445343,2,0,0,0
1690029,1251256,6508655,,0,0,0
1817613,1251253,8445356,1,0,0,0
1817613,1251253,8445368,2,0,0,0
1817613,1251253,4416809,3,0,0,0
1817613,1251253,8445342,4,1,0,0
1817613,1251252,8578931,1,0,0,0
1817613,1251252,5994303,4,0,0,0
1817613,1251252,8444531,3,0,0,0
1817613,1251252,8846097,5,0,0,0
1817613,1251252,8444550,2,1,0,0
1817613,1251252,7662592,6,0,1,0
1817613,1251253,8467573,,0,0,0
1817613,1251253,8469155,,0,0,0
1817710,1251263,809867,1,0,0,0
1817710,1251263,4143096,2,0,0,0
1817710,1251263,8445343,3,0,0,0
1817710,1251263,8445499,4,0,0,0
1817710,1251263,4048334,5,1,0,0
1817710,1251256,8556484,1,0,0,0
1817710,1251256,6508655,4,0,0,0
1817710,1251256,8556507,3,0,0,0
1817710,1251256,1224122,2,0,0,0
1817710,1251256,8445318,5,0,0,0
1817710,1251263,8469156,,0,0,0
1817785,1251253,8445356,1,0,0,0
1817785,1251253,8445368,2,0,0,0
1817785,1251253,4416809,3,0,0,0
1817785,1251253,8445342,4,1,0,0
1817785,1251253,8467573,5,0,0,0
1817785,1251253,8469155,6,0,0,0
1817785,1251263,809867,1,0,0,0
1817785,1251263,8445343,3,0,0,0
1817785,1251263,4048334,5,1,0,0
1817785,1251263,4143096,2,0,0,0
1817785,1251263,8445499,4,0,0,0
1817785,1251263,8469156,6,0,1,0
2278728,1597088,8556484,1,0,0,0
2278728,1597088,7662592,2,0,0,0
2278728,1597088,8445318,3,0,0,0
2278728,1597088,8453971,4,0,0,0
2278728,1597088,1224122,5,0,0,0
2278728,1597090,8445309,1,0,0,0
2278728,1597090,4416809,3,0,0,0
2278728,1597090,8445368,4,0,0,0
2278728,1597090,8445342,2,1,0,0
2278728,1597090,10031570,6,0,0,0
2278728,1597090,8444531,5,0,0,0
2278728,1597090,8469155,7,0,0,0
2278732,1597087,8578931,1,0,0,0
2278732,1597087,10031492,2,0,0,0
2278732,1597087,8444550,3,1,0,0
2278732,1597087,8452770,4,0,0,0
2278732,1597087,8445343,5,0,0,0
2278732,1597087,8445420,6,0,1,0
2278732,1597085,809867,1,0,0,0
2278732,1597085,8445292,5,0,0,0
2278732,1597085,8445414,3,0,0,0
2278732,1597085,809163,2,0,0,0
2278732,1597085,5922441,,0,0,0
2278732,1597085,8469156,,0,0,0
2278732,1597085,8444668,4,0,0,0
2278732,1597087,8846097,,0,0,0
2278742,1597084,5387685,1,0,0,0
2278742,1597084,8670699,2,0,0,0
2278742,1597084,8444682,3,0,0,0
2278742,1597084,8814171,4,0,0,0
2278742,1597084,10047098,5,0,0,0
2278742,1597084,10052031,6,0,0,0
2278742,1597084,8129644,7,1,0,0
2278742,1597084,10052056,8,0,0,0
2278742,1597090,8445309,1,0,0,0
2278742,1597090,4416809,3,0,0,0
2278742,1597090,8445342,2,1,0,0
2278742,1597090,8445368,5,0,0,0
2278742,1597090,10031570,4,0,0,0
2278772,1597091,8445356,1,0,0,0
2278772,1597091,10046726,2,0,0,0
2278772,1597091,5994303,3,0,0,0
2278772,1597091,8445499,4,0,0,0
2278772,1597087,8578931,1,0,0,0
2278772,1597087,8445420,6,0,0,0
2278772,1597087,10031492,2,0,0,0
2278772,1597087,8846097,,0,0,0
2278772,1597087,8452770,3,0,0,0
2278772,1597087,8444550,4,0,0,0
2278772,1597087,8445343,5,0,0,0
2278772,1597091,4143096,,0,0,0
2278772,1597091,4048334,,0,0,0
2278775,1597085,809867,1,0,0,0
2278775,1597085,809163,2,0,0,0
2278775,1597085,8556544,3,0,0,0
2278775,1597085,8445414,4,0,0,0
2278775,1597085,5922441,5,1,0,0
2278775,1597085,8444668,6,0,0,0
2278775,1597085,8445292,7,0,0,0
2278775,1597088,8556484,1,0,0,0
2278775,1597088,8445318,3,0,0,0
2278775,1597088,7662592,2,0,0,0
2278775,1597088,1224122,4,0,0,0
2278775,1597088,8453971,5,0,0,0
2278775,1597088,8445462,6,1,0,0
2278775,1597088,10052245,7,0,0,0
2278775,1597085,8469156,,0,0,0
2278779,1597087,8578931,1,0,0,0
2278779,1597087,10031492,2,0,0,0
2278779,1597087,8452770,3,0,0,0
2278779,1597087,8444550,4,1,0,0
2278779,1597084,5387685,1,0,0,0
2278779,1597084,8670699,5,0,0,0
2278779,1597084,8444682,2,0,0,0
2278779,1597084,8129644,3,1,0,0
2278779,1597084,8814171,4,0,0,0
2278779,1597084,10052031,6,0,0,0
2278779,1597087,8846097,,0,0,0
2278779,1597087,8445420,,0,1,0
2278783,1597085,809867,1,0,0,0
2278783,1597085,8556544,2,0,0,0
2278783,1597085,8445414,3,0,0,0
2278783,1597085,809163,4,0,0,0
2278783,1597085,8444668,5,0,0,0
2278783,1597085,5922441,6,0,0,0
2278783,1597090,8445309,,0,0,0
2278783,1597090,4416809,3,0,0,0
2278783,1597090,8445368,4,0,0,0
2278783,1597090,8445342,2,1,0,0
2278783,1597090,10031570,5,0,0,0
2278783,1597090,10052264,1,0,0,0
2278783,1597090,8444531,6,0,0,0
2278783,1597090,8469155,7,0,0,0
2278783,1597085,8469156,,0,1,0
2278786,1597091,8445356,1,0,0,0
2278786,1597091,4143096,2,0,0,0
2278786,1597091,4048334,3,1,0,0
2278786,1597091,5994303,4,0,0,0
2278786,1597091,8445499,5,0,0,0
2278786,1597091,10046726,6,0,1,0
2278786,1597088,8556484,1,0,0,0
2278786,1597088,7662592,2,0,0,0
2278786,1597088,1224122,4,0,0,0
2278786,1597088,8445318,3,0,0,0
2278786,1597088,8453971,5,0,0,0
2278786,1597088,8445462,6,1,0,0
2278786,1597088,10052245,7,0,0,0
2278786,1597091,6508655,,0,0,0
2303511,1597091,8445356,1,0,0,0
2303511,1597091,4143096,2,0,0,0
2303511,1597091,8445499,3,0,0,0
2303511,1597091,4048334,4,1,0,0
2303511,1597091,10046726,5,0,0,0
2303511,1597091,5994303,6,0,0,0
2303511,1597091,6508655,7,0,0,0
2303511,1597085,809867,1,0,0,0
2303511,1597085,5922441,,0,0,0
2303511,1597085,8469156,,0,0,0
2303511,1597085,8445414,3,0,0,0
2303511,1597085,809163,,0,0,0
2303511,1597085,8556544,2,0,0,0
2303560,1597084,5387685,1,0,0,0
2303560,1597084,10052056,2,0,0,0
2303560,1597084,8444682,3,0,0,0
2303560,1597084,8129644,4,1,0,0
2303560,1597084,8814171,5,0,0,0
2303560,1597087,8578931,1,0,0,0
2303560,1597087,10031492,5,0,0,0
2303560,1597087,8846097,7,0,0,0
2303560,1597087,8452770,3,0,0,0
2303560,1597087,8445420,6,0,0,0
2303560,1597087,8445343,2,0,0,0
2303560,1597087,8444550,4,1,0,0
2303560,1597084,8670699,,0,0,0
2308545,1597091,8445356,1,0,0,0
2308545,1597091,4143096,2,0,0,0
2308545,1597091,4048334,3,1,0,0
2308545,1597091,5994303,4,0,0,0
2308545,1597091,8445499,5,0,0,0
2308545,1597091,10046726,6,0,0,0
2308545,1597091,6508655,7,0,0,0
2308545,1597091,10110854,8,0,0,0
2308545,1597087,8578931,1,0,0,0
2308545,1597087,8452770,3,0,0,0
2308545,1597087,10031492,,0,0,0
2308545,1597087,8846097,,0,0,0
2308545,1597087,8445343,2,0,0,0
2308545,1597087,8444550,4,1,0,0
2379201,1597085,809867,1,0,0,0
2379201,1597085,809163,2,0,0,0
2379201,1597085,8556544,3,0,0,0
2379201,1597085,8445414,4,0,0,0
2379201,1597085,8444668,5,0,0,0
2379201,1597085,8445292,6,0,0,0
2379201,1597085,5922441,7,1,0,0
2379201,1597087,8578931,1,0,0,0
2379201,1597087,8445420,6,0,0,0
2379201,1597087,10031492,5,0,0,0
2379201,1597087,8452770,3,0,0,0
2379201,1597087,8846097,7,0,0,0
2379201,1597087,8445343,2,0,0,0
2379201,1597087,8444550,4,1,0,0
2379201,1597087,10052159,8,0,0,0
3903839,1597087,8578931,1,0,0,0
3903839,1597087,8846097,2,0,0,0
3903839,1597087,8445420,3,0,1,0
3903839,1597087,8452770,4,0,0,0
3903839,1597087,8444550,5,1,0,0
3903839,1597087,10031492,6,0,0,0
3903839,1597087,8445343,7,0,0,0
3903839,1597088,8556484,1,0,0,0
3903839,1597088,8445462,3,1,0,0
3903839,1597088,1224122,4,0,0,0
3903839,1597088,8445318,5,0,0,0
3903839,1597088,10052245,7,0,0,0
3903839,1597088,7662592,6,0,0,0
3903839,1597088,8453971,2,0,0,0
3903851,1597090,8445309,1,0,0,0
3903851,1597090,8444531,2,0,0,0
3903851,1597090,10031570,3,0,0,0
3903851,1597090,8469155,4,0,0,0
3903851,1597090,4416809,5,0,0,0
3903851,1597090,8445368,6,0,0,0
3903851,1597090,8445342,7,0,0,0
3903851,1597091,8445356,1,0,0,0
3903851,1597091,10046726,3,0,0,0
3903851,1597091,8445499,4,0,0,0
3903851,1597091,5994303,6,0,0,0
3903851,1597091,4048334,5,0,0,0
3903851,1597091,4143096,2,0,0,0
3903859,1597088,8556484,1,0,0,0
3903859,1597088,8453971,2,0,0,0
3903859,1597088,8445462,3,1,0,0
3903859,1597088,1224122,4,0,0,0
3903859,1597088,8445318,5,0,0,0
3903859,1597088,10052245,6,0,0,0
3903859,1597084,5387685,1,0,0,0
3903859,1597084,10052031,3,0,0,0
3903859,1597084,8444682,4,0,0,0
3903859,1597084,8814171,5,0,0,0
3903859,1597084,8129644,6,1,0,0
3903859,1597084,8670699,2,0,1,0
3903859,1597088,7662592,,0,0,0
3903870,1597090,8445309,1,0,0,0
3903870,1597090,8444531,2,0,0,0
3903870,1597090,8445368,3,0,0,0
3903870,1597090,8469155,4,0,0,0
3903870,1597090,8445342,5,0,0,0
3903870,1597090,4416809,6,0,0,0
3903870,1597085,809867,1,0,0,0
3903870,1597085,8556544,3,0,1,0
3903870,1597085,8469156,7,0,0,0
3903870,1597085,5922441,6,0,0,0
3903870,1597085,8445414,4,0,0,0
3903870,1597085,8445292,5,0,0,0
3903870,1597085,809163,2,0,0,0
3903870,1597090,10031570,,0,0,0
3903903,1597087,8578931,1,0,0,0
3903903,1597087,8846097,2,0,0,0
3903903,1597087,8445420,3,0,1,0
3903903,1597087,8452770,4,0,0,0
3903903,1597087,10031492,5,0,0,0
3903903,1597091,8445356,1,0,0,0
3903903,1597091,10046726,3,0,0,0
3903903,1597091,5994303,5,0,0,0
3903903,1597091,4048334,6,1,0,0
3903903,1597091,4143096,2,0,0,0
3903903,1597091,8445499,4,0,0,0
3903903,1597087,8445343,,0,0,0
3903906,1597085,809867,1,0,0,0
3903906,1597085,809163,2,0,0,0
3903906,1597085,8556544,3,0,0,0
3903906,1597085,8445414,4,0,0,0
3903906,1597085,5922441,5,1,0,0
3903906,1597088,8556484,1,0,0,0
3903906,1597088,8445462,3,1,0,0
3903906,1597088,1224122,5,0,0,0
3903906,1597088,7662592,2,0,0,0
3903906,1597088,8445318,4,0,0,0
3903906,1597088,8453971,,0,0,0
3903906,1597088,10052245,6,0,0,0
3903906,1597085,8469156,,0,0,0
3903911,1597091,8445356,1,0,0,0
3903911,1597091,4143096,2,0,0,0
3903911,1597091,10046726,3,0,0,0
3903911,1597091,8445499,4,0,0,0
3903911,1597091,5994303,5,0,0,0
3903911,1597091,4048334,6,1,0,0
3903911,1597091,6508655,7,0,0,0
3903911,1597084,5387685,1,0,0,0
3903911,1597084,10052031,3,0,0,0
3903911,1597084,8444682,4,0,0,0
3903911,1597084,8814171,7,0,0,0
3903911,1597084,8129644,6,1,0,0
3903911,1597084,8670699,2,0,1,0
3903911,1597084,10047098,5,0,0,0
3903911,1597084,10052056,8,0,0,0
3903922,1597087,8578931,1,0,0,0
3903922,1597087,8846097,2,0,0,0
3903922,1597087,8445420,3,0,0,0
3903922,1597087,8445343,4,0,0,0
3903922,1597087,10031492,5,0,0,0
3903922,1597087,8444550,6,1,0,0
3903922,1597087,8452770,7,0,0,0
3903922,1597090,8445309,1,0,0,0
3903922,1597090,10031570,3,0,0,0
3903922,1597090,8445368,6,0,0,0
3903922,1597090,8445342,4,1,0,0
3903922,1597090,4416809,5,0,0,0
3903922,1597090,8444531,2,0,0,0
3903922,1597090,8469155,7,0,0,0
4009802,1597084,5387685,1,0,0,0
4009802,1597084,8670699,2,0,0,0
4009802,1597084,10052031,3,0,0,0
4009802,1597084,8444682,4,0,0,0
4009802,1597084,8814171,5,0,0,0
4009802,1597084,8129644,6,1,0,0
4009802,1597087,8578931,1,0,0,0
4009802,1597087,8445420,3,0,0,0
4009802,1597087,8445343,,0,0,0
4009802,1597087,10031492,5,0,0,0
4009802,1597087,8452770,4,0,0,0
4009802,1597087,8846097,2,0,0,0
4009802,1597087,8444550,6,1,0,0
4010295,1597091,8445356,1,0,0,0
4010295,1597091,10046726,2,0,1,0
4010295,1597091,5994303,3,0,0,0
4010295,1597091,8445499,4,0,0,0
4010295,1597091,4048334,5,0,0,0
4010295,1597091,4143096,6,0,0,0
4010295,1597091,6508655,7,0,0,0
4010295,1597090,8445309,1,0,0,0
4010295,1597090,10031570,3,0,0,0
4010295,1597090,8445368,5,0,0,0
4010295,1597090,8445342,4,0,0,0
4010295,1597090,4416809,6,0,0,0
4010295,1597090,15027628,7,0,0,0
4010295,1597090,8444531,2,0,0,0
4010487,1597091,8445356,1,0,0,0
4010487,1597091,4143096,2,0,0,0
4010487,1597091,10046726,3,0,0,0
4010487,1597091,8445499,4,0,0,0
4010487,1597091,5994303,5,0,0,0
4010487,1597091,4048334,6,1,0,0
4010487,1597087,8578931,1,0,0,0
4010487,1597087,8445420,3,0,1,0
4010487,1597087,8445343,,0,0,0
4010487,1597087,10031492,4,0,0,0
4010487,1597087,8452770,5,0,0,0
4010487,1597087,8846097,2,0,0,0
4010588,1597084,5387685,1,0,0,0
4010588,1597084,8670699,2,0,0,0
4010588,1597084,10052031,3,0,0,0
4010588,1597084,8444682,4,0,0,0
4010588,1597084,8814171,5,0,0,0
4010588,1597084,8129644,6,1,0,0
4010588,1597087,8578931,1,0,0,0
4010588,1597087,8445420,3,0,0,0
4010588,1597087,8445343,,0,0,0
4010588,1597087,10031492,5,0,0,0
4010588,1597087,8452770,4,0,0,0
4010588,1597087,8846097,2,0,0,0
6947210,1597088,8445356,1,0,0,0
6947210,1597088,6508655,2,0,0,0
6947210,1597088,8445462,3,1,0,0
6947210,1597088,8445318,4,0,0,0
6947210,1597088,19421271,5,0,0,0
6947210,1597088,8444531,6,0,0,0
6947210,1597088,8469156,7,0,0,0
6947210,388115,8450899,1,0,0,0
6947210,388115,10052159,3,1,0,0
6947210,388115,4416809,4,0,0,0
6947210,388115,8670699,2,0,0,0
6947210,388115,8556507,,0,0,0
6947210,388115,8444682,5,0,0,0
6947241,1597091,20546462,1,0,0,0
6947241,1597091,4143096,2,0,0,0
6947241,1597091,4048300,3,0,0,0
6947241,1597091,8445343,4,0,0,0
6947241,1597091,5387685,5,0,0,0
6947241,1597091,4048334,6,1,0,0
6947241,1597091,8444668,7,0,0,0
6947241,1597090,10052264,1,0,0,0
6947241,1597090,8445420,3,0,0,0
6947241,1597090,1224122,5,0,0,0
6947241,1597090,8445499,2,0,0,0
6947241,1597090,8445368,6,0,0,0
6947241,1597090,8445342,,0,0,0
6947241,1597090,8445292,4,0,0,0
6948306,1597088,8445356,1,0,0,0
6948306,1597088,6508655,2,0,0,0
6948306,1597088,8445462,3,1,0,0
6948306,1597088,8444531,4,0,0,0
6948306,1597088,8445318,5,0,0,0
6948306,1597088,8469156,6,0,0,0
6948306,1597088,19421271,7,0,0,0
6948306,1597085,809867,1,0,0,0
6948306,1597085,8556544,3,0,0,0
6948306,1597085,5922441,,0,0,0
6948306,1597085,8445414,4,0,0,0
6948306,1597085,5994303,,0,0,0
6948306,1597085,8846097,5,0,0,0
6948306,1597085,8556484,2,0,0,0
6948325,1597084,3542117,1,0,0,0
6948325,1597084,8453971,2,0,0,0
6948325,1597084,10046726,3,0,0,0
6948325,1597084,8129644,4,1,0,0
6948325,1597084,10031492,5,0,0,0
6948325,1597084,8814171,6,0,0,0
6948325,1597090,10052264,1,0,0,0
6948325,1597090,8445420,3,0,0,0
6948325,1597090,8445368,4,0,0,0
6948325,1597090,1224122,6,0,0,0
6948325,1597090,8445499,2,0,0,0
6948325,1597090,8445342,5,1,0,0
6948350,1597087,8578931,1,0,0,0
6948350,1597087,7662592,2,0,1,0
6948350,1597087,10031570,3,0,0,0
6948350,1597087,809163,4,0,0,0
6948350,1597087,8452770,5,0,0,0
6948350,1597087,8444550,6,1,0,0
6948350,1597087,10047098,7,0,0,0
6948350,1597091,20546462,1,0,0,0
6948350,1597091,4048300,3,0,0,0
6948350,1597091,8444668,7,0,0,0
6948350,1597091,5387685,5,0,1,0
6948350,1597091,4048334,6,1,0,0
6948350,1597091,8445343,4,0,0,0
6948350,1597091,4143096,2,0,0,0
6948371,1597085,809867,1,0,0,0
6948371,1597085,8556484,2,0,0,0
6948371,1597085,8556544,3,0,0,0
6948371,1597085,8445414,4,0,0,0
6948371,1597085,5994303,5,0,0,0
6948371,1597085,8846097,6,0,0,0
6948371,1597085,5922441,7,1,0,0
6948371,388115,8450899,1,0,0,0
6948371,388115,10052159,3,1,0,0
6948371,388115,4416809,4,0,0,0
6948371,388115,8444682,5,0,0,0
6948371,388115,8670699,2,0,0,0
6948371,388115,10052031,,0,0,0
6948371,388115,8556507,6,0,0,0
6948377,1597091,20546462,1,0,0,0
6948377,1597091,4143096,2,0,0,0
6948377,1597091,4048300,3,0,0,0
6948377,1597091,4048334,4,1,0,0
6948377,1597091,5387685,5,0,0,0
6948377,1597091,8445343,6,0,0,0
6948377,1597091,8444668,7,0,0,0
6948377,1597084,3542117,1,0,0,0
6948377,1597084,10046726,3,0,0,0
6948377,1597084,10031492,4,0,0,0
6948377,1597084,8814171,5,0,0,0
6948377,1597084,8129644,,0,0,0
6948377,1597084,8453971,2,0,0,0
6948381,1597088,8445356,1,0,0,0
6948381,1597088,6508655,2,0,0,0
6948381,1597088,8469156,3,0,0,0
6948381,1597088,8444531,4,0,0,0
6948381,1597088,8445318,5,0,0,0
6948381,1597088,19421271,6,0,0,0
6948381,1597088,8445462,7,1,0,0
6948381,1597087,8578931,1,0,0,0
6948381,1597087,10031570,3,0,0,0
6948381,1597087,10047098,,0,0,0
6948381,1597087,809163,6,0,0,0
6948381,1597087,7662592,5,0,1,0
6948381,1597087,8452770,2,0,0,0
6948381,1597087,8444550,4,1,0,0
7092207,1597085,809867,1,0,0,0
7092207,1597085,8556484,2,0,0,0
7092207,1597085,8556544,3,0,0,0
7092207,1597085,8445414,4,0,0,0
7092207,1597085,5994303,5,0,0,0
7092207,1597085,8846097,6,0,0,0
7092207,1597085,5922441,7,1,0,0
7092207,1597087,8578931,1,0,0,0
7092207,1597087,10031570,3,0,0,0
7092207,1597087,10047098,,0,0,0
7092207,1597087,809163,5,0,0,0
7092207,1597087,8452770,6,0,0,0
7092207,1597087,7662592,2,0,0,0
7092207,1597087,8444550,4,0,0,0
7092606,1597088,8445356,1,0,0,0
7092606,1597088,6508655,2,0,0,0
7092606,1597088,8445462,3,1,0,0
7092606,1597088,8444531,4,0,0,0
7092606,1597088,19421271,5,0,0,0
7092606,1597088,8469156,6,0,0,0
7092606,1597088,8445318,7,0,0,0
7092606,1597084,3542117,1,0,0,0
7092606,1597084,10046726,3,0,0,0
7092606,1597084,10031492,5,0,0,0
7092606,1597084,8814171,4,0,0,0
7092606,1597084,8129644,6,1,0,0
7092606,1597084,8453971,2,0,0,0
7093189,1597088,8445356,1,0,0,0
7093189,1597088,6508655,2,0,0,0
7093189,1597088,8445462,3,1,0,0
7093189,1597088,8445318,4,0,0,0
7093189,1597088,8444531,5,0,0,0
7093189,1597087,8578931,1,0,0,0
7093189,1597087,10031570,3,0,0,0
7093189,1597087,10047098,,0,0,0
7093189,1597087,7662592,2,0,0,0
7093189,1597087,809163,5,0,0,0
7093189,1597087,8452770,4,0,0,0
7093189,1597088,8469156,,0,0,0
7512871,1597085,809867,1,0,0,0
7512871,1597085,8556484,2,0,0,0
7512871,1597085,8556544,3,0,0,0
7512871,1597085,8445414,4,0,0,0
7512871,1597085,5994303,5,0,0,0
7512871,1597085,5922441,6,1,0,0
7512871,1597085,8846097,7,0,0,0
7512871,1597087,8578931,1,0,0,0
7512871,1597087,10031570,3,0,0,0
7512871,1597087,7662592,7,0,0,0
7512871,1597087,809163,5,0,0,0
7512871,1597087,8452770,4,0,0,0
7512871,1597087,10047098,2,0,0,0
7512871,1597087,8444550,6,1,0,0
10869150,6733389,24597937,1,0,0,0
10869150,6733389,6508655,2,0,0,0
10869150,6733389,8445462,3,1,0,0
10869150,6733389,8444531,4,0,0,0
10869150,6733389,8445318,5,0,0,0
10869150,6733389,29631807,6,0,0,0
10869150,3881115,8450899,1,0,0,0
10869150,3881115,10052159,3,1,0,0
10869150,3881115,8444682,5,0,0,0
10869150,3881115,10052031,4,0,0,0
10869150,3881115,19645071,6,0,0,0
10869150,3881115,29632164,,0,0,0
10869150,3881115,8670699,2,0,0,0
10869160,6767128,10075428,1,0,0,0
10869160,6767128,8846097,2,0,0,0
10869160,6767128,8556544,3,0,0,0
10869160,6767128,5922441,4,1,0,0
10869160,6767128,8445414,5,0,0,0
10869160,6767128,5994303,6,0,0,0
10869160,6767128,8556484,7,0,0,0
10869160,6767132,29631917,1,0,0,0
10869160,6767132,4048300,3,0,0,0
10869160,6767132,8445343,4,0,0,0
10869160,6767132,4143096,6,0,0,0
10869160,6767132,4048334,5,1,0,0
10869160,6767132,10339400,2,0,0,0
10869160,6767132,8444668,7,0,1,0
10869162,1597084,3542117,1,0,0,0
10869162,1597084,14211268,2,0,0,0
10869162,1597084,10046726,3,0,0,0
10869162,1597084,10031492,4,0,0,0
10869162,1597084,8129644,5,1,0,0
10869162,1597084,8814171,6,0,0,0
10869162,1597084,19048034,7,0,0,0
10869162,6767134,10117071,1,0,0,0
10869162,6767134,8445420,3,0,1,0
10869162,6767134,8445368,5,0,0,0
10869162,6767134,1224122,7,0,0,0
10869162,6767134,8445342,4,0,0,0
10869162,6767134,8445499,6,0,0,0
10869162,6767134,8445292,2,0,0,0
10869170,6733389,24597937,1,0,0,0
10869170,6733389,6508655,2,0,0,0
10869170,6733389,8445462,3,1,0,0
10869170,6733389,8445318,4,0,0,0
10869170,6733389,8444531,5,0,0,0
10869170,6733389,29631807,6,0,0,0
10869170,6767130,8578931,1,0,0,0
10869170,6767130,29631844,3,0,0,0
10869170,6767130,809163,5,0,0,0
10869170,6767130,7662592,2,0,0,0
10869170,6767130,8452770,4,0,0,0
10869170,6767130,10047098,7,0,0,0
10869170,6767130,8444550,6,1,0,0
10869170,6733389,8469156,,0,0,0
10869175,6767128,10075428,1,0,0,0
10869175,6767128,8846097,2,0,1,0
10869175,6767128,8556544,3,0,0,0
10869175,6767128,8445414,4,0,0,0
10869175,6767128,5922441,5,1,0,0
10869175,6767128,5994303,6,0,0,0
10869175,6767128,8556484,7,0,0,0
10869175,6767134,10117071,1,0,0,0
10869175,6767134,8445420,3,0,0,0
10869175,6767134,8445368,4,0,0,0
10869175,6767134,8445342,7,1,0,0
10869175,6767134,1224122,6,0,0,0
10869175,6767134,8445499,5,0,0,0
10869175,6767134,8445292,2,0,0,0
10869184,6767132,29631917,1,0,0,0
10869184,6767132,10339400,2,0,0,0
10869184,6767132,4048300,3,0,0,0
10869184,6767132,8445343,4,0,0,0
10869184,6767132,8444668,5,0,1,0
10869184,6767132,4143096,6,0,0,0
10869184,6767132,4048334,7,1,0,0
10869184,3881115,8450899,1,0,0,0
10869184,3881115,10052159,4,1,0,0
10869184,3881115,4416809,6,0,0,0
10869184,3881115,10052031,5,0,0,0
10869184,3881115,8444682,3,0,0,0
10869184,3881115,8670699,2,0,0,0
10869184,3881115,29632164,7,0,0,0
10869193,6767130,8578931,1,0,0,0
10869193,6767130,10047098,2,0,0,0
10869193,6767130,29631844,3,0,0,0
10869193,6767130,809163,4,0,0,0
10869193,6767130,8452770,5,0,0,0
10869193,1597084,3542117,1,0,0,0
10869193,1597084,19048034,2,0,0,0
10869193,1597084,10031492,5,0,0,0
10869193,1597084,8129644,4,1,0,0
10869193,1597084,8814171,6,0,0,0
10869193,1597084,10046726,3,0,0,0
10869193,6767130,7662592,,0,0,0
12170931,3881115,8450899,1,0,0,0
12170931,3881115,8670699,2,0,1,0
12170931,3881115,10052159,3,1,0,0
12170931,3881115,29632164,4,0,0,0
12170931,3881115,8444682,5,0,0,0
12170931,3881115,10052031,6,0,0,0
12170931,3881115,4416809,7,0,0,0
12170931,1597084,3542117,1,0,0,0
12170931,1597084,19048034,6,0,0,0
12170931,1597084,10046726,3,0,0,0
12170931,1597084,10031492,5,0,0,0
12170931,1597084,8129644,,0,0,0
12170931,1597084,8814171,4,0,0,0
12170931,1597084,8453971,2,0,0,0
12172071,6767128,10075428,1,0,0,0
12172071,6767128,8846097,2,0,0,0
12172071,6767128,8556544,3,0,0,0
12172071,6767128,8445414,4,0,0,0
12172071,6767128,5922441,5,1,0,0
12172071,6767128,5994303,6,0,0,0
12172071,6767128,8556484,7,0,0,0
12172071,6767130,8578931,1,0,0,0
12172071,6767130,29631844,3,0,0,0
12172071,6767130,809163,6,0,0,0
12172071,6767130,7662592,2,0,0,0
12172071,6767130,8452770,5,0,0,0
12172071,6767130,10047098,4,0,0,0
12172071,6767130,8444550,7,1,0,0
12173205,3881115,8450899,1,0,0,0
12173205,3881115,8670699,2,0,0,0
12173205,3881115,8444682,3,0,0,0
12173205,3881115,10052159,4,1,0,0
12173205,3881115,10052031,5,0,0,0
12173205,3881115,4416809,6,0,0,0
12173205,6767130,8578931,1,0,0,0
12173205,6767130,29631844,3,0,0,0
12173205,6767130,809163,5,0,0,0
12173205,6767130,7662592,,0,0,0
12173205,6767130,8452770,4,0,0,0
12173205,6767130,10047098,2,0,0,0
12174087,6767130,8578931,1,0,0,0
12174087,6767130,7662592,2,0,1,0
12174087,6767130,29631844,3,0,0,0
12174087,6767130,10047098,4,0,0,0
12174087,6767130,8452770,5,0,0,0
12174087,6767130,809163,6,0,0,0
12174087,6767130,8444550,7,1,0,0
12174087,1597084,3542117,1,0,0,0
12174087,1597084,19048034,,0,0,0
12174087,1597084,10046726,3,0,0,0
12174087,1597084,10031492,5,0,0,0
12174087,1597084,8129644,6,1,0,0
12174087,1597084,8814171,4,0,0,0
12174087,1597084,8453971,2,0,0,0
17092597,6733389,24597937,1,0,0,0
17092597,6733389,8469156,2,0,0,0
17092597,6733389,8445462,3,1,0,0
17092597,6733389,8444531,4,0,0,0
17092597,6733389,8445318,5,0,0,0
17092597,6733389,29631807,6,0,0,0
17092597,6733389,6508655,7,0,0,0
17092597,1597084,3542117,1,0,0,0
17092597,1597084,19048034,3,0,0,0
17092597,1597084,10031492,4,0,0,0
17092597,1597084,15348376,,0,0,0
17092597,1597084,8129644,5,1,0,0
17092597,1597084,8453971,2,0,0,0
17092604,6767132,4048300,1,0,0,0
17092604,6767132,4048334,2,1,0,0
17092604,6767132,8444668,3,0,0,0
17092604,6767132,4143096,4,0,0,0
17092604,6767132,8445343,5,0,0,0
17092604,6767132,10339400,6,0,0,0
17092604,6767130,29631844,1,0,0,0
17092604,6767130,809163,5,0,0,0
17092604,6767130,8452770,4,0,0,0
17092604,6767130,7662592,6,0,0,0
17092604,6767130,10047098,2,0,0,0
17092604,6767130,8444550,3,0,0,0
17092610,1597084,3542117,1,0,0,0
17092610,1597084,8453971,2,0,0,0
17092610,1597084,8129644,3,1,0,0
17092610,1597084,10031492,4,0,0,0
17092610,1597084,15348376,5,0,0,0
17092610,3881115,8450899,1,0,0,0
17092610,3881115,4416809,3,0,0,0
17092610,3881115,8444682,4,0,0,0
17092610,3881115,8670699,2,0,0,0
17092610,3881115,29632164,5,0,0,0
17092610,3881115,10052031,6,0,0,0
17092610,3881115,10052159,7,1,0,0
17092610,1597084,19048034,,0,0,0
17092622,6767132,29631917,1,0,0,0
17092622,6767132,8444668,2,0,0,0
17092622,6767132,4048300,3,0,0,0
17092622,6767132,4048334,4,1,0,0
17092622,6767132,4143096,5,0,0,0
17092622,6767132,10339400,6,0,0,0
17092622,6767134,10052264,1,0,0,0
17092622,6767134,8445420,3,0,0,0
17092622,6767134,8445342,,0,0,0
17092622,6767134,1224122,2,0,0,0
17092622,6767134,8445368,,0,0,0
17092622,6767134,8445499,5,0,0,0
17092622,6767134,8445292,4,0,0,0
17092622,6767132,8445343,,0,0,0
17092631,3881115,8450899,1,0,0,0
17092631,3881115,29578223,2,0,0,0
17092631,3881115,4416809,3,0,0,0
17092631,3881115,8444682,4,0,0,0
17092631,3881115,10052031,5,0,0,0
17092631,6733389,24597937,1,0,0,0
17092631,6733389,8444531,4,0,0,0
17092631,6733389,6508655,,0,0,0
17092631,6733389,8469156,2,0,0,0
17092631,6733389,29631807,,0,0,0
17092631,6733389,8445318,3,0,0,0
17092631,3881115,29632164,,0,0,0
17092642,6767128,10075428,1,0,0,0
17092642,6767128,8846097,2,0,0,0
17092642,6767128,8556484,3,0,0,0
17092642,6767128,8445414,4,0,0,0
17092642,6767128,5994303,5,0,0,0
17092642,6767128,5922441,6,1,0,0
17092642,1597084,3542117,1,0,0,0
17092642,1597084,10031492,5,0,0,0
17092642,1597084,8129644,4,1,0,0
17092642,1597084,19048034,,0,0,0
17092642,1597084,15348376,3,0,0,0
17092642,1597084,8453971,2,0,0,0
17092655,6733389,24597937,1,0,1,0
17092655,6733389,8469156,2,0,0,0
17092655,6733389,8445462,3,1,0,0
17092655,6733389,8444531,4,0,0,0
17092655,6733389,8445318,5,0,0,0
17092655,6733389,29631807,6,0,0,0
17092655,6767134,10052264,1,0,0,0
17092655,6767134,8445420,3,0,0,0
17092655,6767134,1224122,2,0,0,0
17092655,6767134,8445342,7,1,0,0
17092655,6767134,8445368,5,0,0,0
17092655,6767134,8445499,6,0,0,0
17092655,6767134,8445292,4,0,0,0
17092655,6767134,10117071,8,0,0,0
17092655,6733389,6508655,,0,0,0
17092657,6767130,29631844,1,0,0,0
17092657,6767130,7662592,2,0,0,0
17092657,6767130,8452770,3,0,0,0
17092657,6767130,809163,4,0,0,0
17092657,6767130,8444550,5,1,0,0
17092657,6767128,8556544,1,0,0,0
17092657,6767128,5922441,4,1,0,0
17092657,6767128,8445414,3,0,0,0
17092657,6767128,8556484,6,0,0,0
17092657,6767128,8846097,2,0,0,0
17092657,6767128,5994303,5,0,0,0
17092657,6767130,10047098,,0,0,0
17151344,6767128,10075428,1,0,0,0
17151344,6767128,8846097,2,0,0,0
17151344,6767128,8556544,3,0,0,0
17151344,6767128,8445414,4,0,0,0
17151344,6767128,8556484,5,0,0,0
17151344,6767128,5994303,6,0,0,0
17151344,1597084,3542117,1,0,0,0
17151344,1597084,19048034,3,0,0,0
17151344,1597084,10031492,4,0,0,0
17151344,1597084,15348376,6,0,0,0
17151344,1597084,8129644,5,1,0,0
17151344,1597084,8453971,2,0,0,0
17151344,6767128,5922441,,0,0,0
17151377,6767134,10052264,1,0,0,0
17151377,6767134,1224122,2,0,0,0
17151377,6767134,8445420,3,0,0,0
17151377,6767134,8445292,4,0,0,0
17151377,6767134,8445499,5,0,0,0
17151377,6767134,8445368,6,0,0,0
17151377,6767134,8445342,7,1,0,0
17151377,6733389,24597937,1,0,0,0
17151377,6733389,8445462,3,1,0,0
17151377,6733389,8444531,4,0,0,0
17151377,6733389,29631807,6,0,0,0
17151377,6733389,6508655,,0,0,0
17151377,6733389,8469156,2,0,0,0
17151377,6733389,8445318,5,0,0,0
17153784,6733389,24597937,1,0,1,0
17153784,6733389,8469156,2,0,0,0
17153784,6733389,8445462,3,1,0,0
17153784,6733389,8445318,4,0,0,0
17153784,6733389,8444531,5,0,0,0
17153784,6733389,29631807,6,0,0,0
17153784,6733389,6508655,7,0,0,0
17153784,1597084,3542117,1,0,0,0
17153784,1597084,19048034,3,0,0,0
17153784,1597084,10031492,4,0,0,0
17153784,1597084,8129644,5,1,0,0
17153784,1597084,15348376,6,0,0,0
17153784,1597084,8453971,2,0,0,0
17153784,1597084,10046726,7,0,0,0
17154937,6767128,10075428,1,0,0,0
17154937,6767128,8846097,2,0,0,0
17154937,6767128,8556544,3,0,0,0
17154937,6767128,8445414,4,0,0,0
17154937,6767128,8556484,5,0,0,0
17154937,6767128,5994303,6,0,0,0
17154937,1597084,3542117,1,0,0,0
17154937,1597084,19048034,3,0,0,0
17154937,1597084,10031492,,0,0,0
17154937,1597084,8129644,5,1,0,0
17154937,1597084,15348376,4,0,0,0
17154937,1597084,8453971,2,0,0,0
