cricheroes_match_id,cricheroes_tournament_id,season,match_number,stage,cricheroes_team_a_id,cricheroes_team_b_id,team_a_name,team_b_name,scheduled_at,started_at,ended_at,venue,overs_per_innings,players_per_side,cricheroes_toss_winner_id,toss_decision,status,result_type,cricheroes_winner_id,winner_name,win_margin,cricheroes_pom_player_id,pom_player_name,cricheroes_round_name,match_result,is_super_over,ground_name,city_name
1688938,236267,1,1,group,1251247,1251263,Team Padmanabha Thirtharu,Team Bhramanya Thirtharu,2021-04-11T05:09:31.000Z,2021-04-11T05:09:31.000Z,2021-04-11 05:38:05,Pro Legacy Sports Academy,6,6,1251263,bowl,completed,normal,1251247,Team Padmanabha Thirtharu,3 runs,8444682,Pavan Gautham,League Matches,Resulted,0,Pro Legacy Sports Academy,Bengaluru (Bangalore)
1688948,236267,1,2,group,1251252,1251242,Team Vijayeendra Thirtharu,Team Vyasaraja Thirtharu,2021-04-11T05:39:21.000Z,2021-04-11T05:39:21.000Z,2021-04-11 06:11:56,Pro Legacy Sports Academy,6,6,1251242,bowl,completed,normal,1251252,Team Vijayeendra Thirtharu,42 runs,8578931,Srihari,League Matches,Resulted,0,Pro Legacy Sports Academy,Bengaluru (Bangalore)
1688959,236267,1,3,group,1251256,1251253,Team Raghuttama Thirtharu,Team Vadiraja Thirtharu,2021-04-11T06:16:11.000Z,2021-04-11T06:16:11.000Z,2021-04-11 06:42:04,Pro Legacy Sports Academy,6,6,1251256,bat,completed,normal,1251253,Team Vadiraja Thirtharu,4 wickets,4416809,Bharath Foundry,League Matches,Resulted,0,Pro Legacy Sports Academy,Bengaluru (Bangalore)
1688965,236267,1,4,group,1251242,1251247,Team Vyasaraja Thirtharu,Team Padmanabha Thirtharu,2021-04-11T06:45:02.000Z,2021-04-11T06:45:02.000Z,2021-04-11 07:16:32,Pro Legacy Sports Academy,6,6,1251242,bat,completed,normal,1251242,Team Vyasaraja Thirtharu,8 runs,8445414,Tej,League Matches,Resulted,0,Pro Legacy Sports Academy,Bengaluru (Bangalore)
1688970,236267,1,5,group,1251263,1251253,Team Bhramanya Thirtharu,Team Vadiraja Thirtharu,2021-04-11T07:19:08.000Z,2021-04-11T07:19:08.000Z,2021-04-11 07:46:55,Pro Legacy Sports Academy,6,6,1251253,bowl,completed,normal,1251263,Team Bhramanya Thirtharu,1 run,4048334,Ravi Aniruddha,League Matches,Resulted,0,Pro Legacy Sports Academy,Bengaluru (Bangalore)
1688978,236267,1,6,group,1251256,1251252,Team Raghuttama Thirtharu,Team Vijayeendra Thirtharu,2021-04-11T07:48:48.000Z,2021-04-11T07:48:48.000Z,2021-04-11 08:22:45,Pro Legacy Sports Academy,6,6,1251256,bat,completed,normal,1251256,Team Raghuttama Thirtharu,23 runs,1224122,Badri (5a),League Matches,Resulted,0,Pro Legacy Sports Academy,Bengaluru (Bangalore)
1690015,236267,1,7,group,1251247,1251253,Team Padmanabha Thirtharu,Team Vadiraja Thirtharu,2021-04-11T08:25:31.000Z,2021-04-11T08:25:31.000Z,2021-04-12 09:00:21,Pro Legacy Sports Academy,6,6,1251253,bowl,completed,normal,1251253,Team Vadiraja Thirtharu,5 wickets,4416809,Bharath Foundry,League Matches,resulted,0,Pro Legacy Sports Academy,Bengaluru (Bangalore)
1690017,236267,1,8,group,1251242,1251256,Team Vyasaraja Thirtharu,Team Raghuttama Thirtharu,2021-04-11T09:16:47.000Z,2021-04-11T09:16:47.000Z,2021-04-11 09:51:11,Pro Legacy Sports Academy,6,6,1251242,bat,completed,normal,1251242,Team Vyasaraja Thirtharu,24 runs,8445414,Tej,League Matches,Resulted,0,Pro Legacy Sports Academy,Bengaluru (Bangalore)
1690018,236267,1,9,group,1251263,1251252,Team Bhramanya Thirtharu,Team Vijayeendra Thirtharu,2021-04-11T09:53:27.000Z,2021-04-11T09:53:27.000Z,2021-04-11 10:16:57,Pro Legacy Sports Academy,6,6,1251263,bat,completed,normal,1251263,Team Bhramanya Thirtharu,16 runs,4143096,Aniruddha Dv,League Matches,Resulted,0,Pro Legacy Sports Academy,Bengaluru (Bangalore)
1690019,236267,1,10,group,1251256,1251247,Team Raghuttama Thirtharu,Team Padmanabha Thirtharu,2021-04-11T10:22:43.000Z,2021-04-11T10:22:43.000Z,2021-04-11 11:58:59,Pro Legacy Sports Academy,6,6,1251256,bat,completed,normal,1251256,Team Raghuttama Thirtharu,19 runs,8556507,Prabhanjan,League Matches,Resulted,0,Pro Legacy Sports Academy,Bengaluru (Bangalore)
1690021,236267,1,11,group,1251252,1251253,Team Vijayeendra Thirtharu,Team Vadiraja Thirtharu,2021-04-11T10:51:16.000Z,2021-04-11T10:51:16.000Z,2021-04-11 11:16:40,Pro Legacy Sports Academy,6,6,1251252,bat,completed,normal,1251252,Team Vijayeendra Thirtharu,75 runs,5994303,Srikanth T K,League Matches,Resulted,0,Pro Legacy Sports Academy,Bengaluru (Bangalore)
1690024,236267,1,12,group,1251263,1251242,Team Bhramanya Thirtharu,Team Vyasaraja Thirtharu,2021-04-11T11:19:51.000Z,2021-04-11T11:19:51.000Z,2021-04-11 11:51:19,Pro Legacy Sports Academy,6,6,1251263,bat,completed,normal,1251263,Team Bhramanya Thirtharu,1 run,8445499,Paneendra Gautham,League Matches,Resulted,0,Pro Legacy Sports Academy,Bengaluru (Bangalore)
1690028,236267,1,13,group,1251252,1251247,Team Vijayeendra Thirtharu,Team Padmanabha Thirtharu,2021-04-11T11:54:41.000Z,2021-04-11T11:54:41.000Z,2021-04-11 12:23:03,Pro Legacy Sports Academy,6,6,1251252,bat,completed,normal,1251252,Team Vijayeendra Thirtharu,41 runs,5994303,Srikanth T K,League Matches,Resulted,0,Pro Legacy Sports Academy,Bengaluru (Bangalore)
1690031,236267,1,14,group,1251253,1251242,Team Vadiraja Thirtharu,Team Vyasaraja Thirtharu,2021-04-11T12:34:31.000Z,2021-04-11T12:34:31.000Z,2021-04-11 13:11:19,Pro Legacy Sports Academy,6,6,1251253,bat,completed,normal,1251253,Team Vadiraja Thirtharu,15 runs,8445368,Jeethu,League Matches,Resulted,0,Pro Legacy Sports Academy,Bengaluru (Bangalore)
1690029,236267,1,15,group,1251256,1251263,Team Raghuttama Thirtharu,Team Bhramanya Thirtharu,2021-04-11T13:18:13.000Z,2021-04-11T13:18:13.000Z,2021-04-11 13:47:57,Pro Legacy Sports Academy,6,6,1251256,bat,completed,normal,1251256,Team Raghuttama Thirtharu,15 runs,1224122,Badri (5a),League Matches,Resulted,0,Pro Legacy Sports Academy,Bengaluru (Bangalore)
1817613,236267,1,16,semi,1251253,1251252,Team Vadiraja Thirtharu,Team Vijayeendra Thirtharu,2021-04-11T13:54:56.000Z,2021-04-11T13:54:56.000Z,2021-04-11 14:32:19,Pro Legacy Sports Academy,6,6,1251253,bat,completed,normal,1251253,Team Vadiraja Thirtharu,6 runs,4416809,Bharath Foundry,Semi Final,Resulted,0,Pro Legacy Sports Academy,Bengaluru (Bangalore)
1817710,236267,1,17,semi,1251263,1251256,Team Brahmanya Thirtharu,Team Raghuttama Thirtharu,2021-04-11T14:34:32.000Z,2021-04-11T14:34:32.000Z,2021-04-11 15:09:03,Pro Legacy Sports Academy,6,6,1251263,bat,completed,normal,1251263,Team Brahmanya Thirtharu,2 runs,4143096,Aniruddha Dv,Semi Final,Resulted,0,Pro Legacy Sports Academy,Bengaluru (Bangalore)
1817785,236267,1,18,final,1251253,1251263,Team Vadiraja Thirtharu,Team Brahmanya Thirtharu,2021-04-11T15:13:27.000Z,2021-04-11T15:13:27.000Z,2021-04-11 15:51:29,Pro Legacy Sports Academy,6,6,1251253,bat,completed,normal,1251263,Team Brahmanya Thirtharu,2 wickets,8445499,Paneendra Gautham,Final,Resulted,0,Pro Legacy Sports Academy,Bengaluru (Bangalore)
2273279,293657,2,1,group,1597084,1597085,Hoysala Hunters,Chalukya Chakravarthis,2021-10-03T03:53:52.000Z,2021-10-03T03:53:52.000Z,2021-10-03 04:27:21,Pro Legacy Sports Academy,7,6,1597085,bowl,completed,normal,1597084,Hoysala Hunters,13 runs,8129644,Pavan Kashyap,League Matches,Resulted,0,Pro Legacy Sports Academy,Bengaluru (Bangalore)
2273286,293657,2,2,group,1597087,1597088,Rashtrakuta Ranadheeras,Kadamba Yodharu,2021-10-03T04:34:50.000Z,2021-10-03T04:34:50.000Z,2021-10-03 05:11:10,Pro Legacy Sports Academy,7,6,1597087,bat,completed,normal,1597088,Kadamba Yodharu,5 wickets,8445318,K S Akshay Kaushik,League Matches,Resulted,0,Pro Legacy Sports Academy,Bengaluru (Bangalore)
2276322,293657,2,3,group,1597091,1597090,Vijayanagara Royals,Wodeyars The Kings,2021-10-03T05:13:36.000Z,2021-10-03T05:13:36.000Z,2021-10-03 05:40:04,Pro Legacy Sports Academy,7,6,1597091,bat,completed,normal,1597091,Vijayanagara Royals,14 runs,4143096,Aniruddha Dv,League Matches,Resulted,0,Pro Legacy Sports Academy,Bengaluru (Bangalore)
2276324,293657,2,4,group,1597088,1597084,Kadamba Yodhas,Hoysala Hunters,2021-10-03T05:43:52.000Z,2021-10-03T05:43:52.000Z,2021-10-03 06:16:02,Pro Legacy Sports Academy,7,6,1597084,bowl,completed,normal,1597084,Hoysala Hunters,6 wickets,8129644,Pavan Kashyap,League Matches,Resulted,0,Pro Legacy Sports Academy,Bengaluru (Bangalore)
2276597,293657,2,5,group,1597091,1597085,Vijayanagara Royals,Chalukya Chakravarthis,2021-10-03T06:23:17.000Z,2021-10-03T06:23:17.000Z,2021-10-03 06:55:51,Pro Legacy Sports Academy,7,6,1597091,bat,completed,normal,1597091,Vijayanagara Royals,1 run,5994303,Srikanth T K,League Matches,Resulted,0,Pro Legacy Sports Academy,Bengaluru (Bangalore)
2276601,293657,2,6,group,1597090,1597087,Wodeyars The Kings,Rashtrakuta Ranadheeras,2021-10-03T06:59:38.000Z,2021-10-03T06:59:38.000Z,2021-10-03 07:38:36,Pro Legacy Sports Academy,7,6,1597090,bat,completed,normal,1597087,Rashtrakuta Ranadheeras,4 wickets,8445343,Anantha Madhava,League Matches,Resulted,0,Pro Legacy Sports Academy,Bengaluru (Bangalore)
2278723,293657,2,7,group,1597084,1597091,Hoysala Hunters,Vijayanagara Royals,2021-10-03T07:43:17.000Z,2021-10-03T07:43:17.000Z,2021-10-03 08:11:48,Pro Legacy Sports Academy,7,6,1597091,bowl,completed,normal,1597084,Hoysala Hunters,11 runs,8444682,Pavan Gautham,League Matches,Resulted,0,Pro Legacy Sports Academy,Bengaluru (Bangalore)
2278728,293657,2,8,group,1597088,1597090,Kadamba Yodhas.,Wodeyars The Kings,2021-10-03T08:14:03.000Z,2021-10-03T08:14:03.000Z,2021-10-03 09:15:19,Pro Legacy Sports Academy,7,6,1597090,bowl,completed,normal,1597090,Wodeyars The Kings,3 wickets,10031570,Sridhar Ramchandrachar,League Matches,Resulted,0,Pro Legacy Sports Academy,Bengaluru (Bangalore)
2278732,293657,2,9,group,1597087,1597085,Rashtrakuta Ranadheeras,Chalukya Chakravarthis,2021-10-03T09:21:43.000Z,2021-10-03T09:21:43.000Z,2021-10-03 09:51:29,Pro Legacy Sports Academy,7,6,1597087,bat,completed,normal,1597085,Chalukya Chakravarthis,4 wickets,8445414,Tej,League Matches,Resulted,0,Pro Legacy Sports Academy,Bengaluru (Bangalore)
2278742,293657,2,10,group,1597084,1597090,Hoysala Hunters,Wodeyars The Kings,2021-10-03T09:58:09.000Z,2021-10-03T09:58:09.000Z,2021-10-03 10:27:01,Pro Legacy Sports Academy,7,6,1597090,bowl,completed,normal,1597090,Wodeyars The Kings,6 wickets,4416809,Bharath G S Agasthya,League Matches,Resulted,0,Pro Legacy Sports Academy,Bengaluru (Bangalore)
2278772,293657,2,11,group,1597091,1597087,Vijayanagara Royals,Rashtrakuta Ranadheeras,2021-10-03T10:30:38.000Z,2021-10-03T10:30:38.000Z,2021-10-03 11:22:57,Pro Legacy Sports Academy,7,6,1597087,bowl,completed,normal,1597087,Rashtrakuta Ranadheeras,3 wickets,8444550,Bharadwaj Srivatsa,League Matches,Resulted,0,Pro Legacy Sports Academy,Bengaluru (Bangalore)
2278775,293657,2,12,group,1597085,1597088,Chalukya Chakravarthis,Kadamba Yodhas,2021-10-03T11:25:06.000Z,2021-10-03T11:25:06.000Z,2021-10-03 11:59:49,Pro Legacy Sports Academy,7,6,1597088,bowl,completed,normal,1597085,Chalukya Chakravarthis,24 runs,8445414,Tej,League Matches,Resulted,0,Pro Legacy Sports Academy,Bengaluru (Bangalore)
2278779,293657,2,13,group,1597087,1597084,Rashtrakuta Ranadheeras,Hoysala Hunters,2021-10-03T12:05:06.000Z,2021-10-03T12:05:06.000Z,2021-10-03 12:42:36,Pro Legacy Sports Academy,7,6,1597084,bowl,completed,normal,1597087,Rashtrakuta Ranadheeras,27 runs,8452770,Ashrith Kashyap,League Matches,Resulted,0,Pro Legacy Sports Academy,Bengaluru (Bangalore)
2278783,293657,2,14,group,1597085,1597090,Chalukya Chakravarthis,Wodeyars The Kings,2021-10-03T12:46:53.000Z,2021-10-03T12:46:53.000Z,2021-10-03 13:23:44,Pro Legacy Sports Academy,7,6,1597090,bowl,completed,normal,1597085,Chalukya Chakravarthis,18 runs,809163,Pranav Pk,League Matches,Resulted,0,Pro Legacy Sports Academy,Bengaluru (Bangalore)
2278786,293657,2,15,group,1597091,1597088,Vijayanagara Royals,Kadamba Yodhas,2021-10-03T13:27:22.000Z,2021-10-03T13:27:22.000Z,2021-10-03 13:58:26,Pro Legacy Sports Academy,7,6,1597091,bat,completed,normal,1597091,Vijayanagara Royals,47 runs,4143096,Aniruddha Dv,League Matches,Resulted,0,Pro Legacy Sports Academy,Bengaluru (Bangalore)
2303511,293657,2,16,qualifier,1597091,1597085,Vijayanagara Royals,Chalukya Chakravarthis,2021-10-03T15:11:53.000Z,2021-10-03T15:11:53.000Z,2021-10-03 15:37:46,Pro Legacy Sports Academy,7,6,1597091,bat,completed,normal,1597085,Chalukya Chakravarthis,6 wickets,8445414,Tej,Qualifier 1,Resulted,0,Pro Legacy Sports Academy,Bengaluru (Bangalore)
2303560,293657,2,17,qualifier,1597084,1597087,Hoysala Hunters,Rashtrakuta Ranadheeras,2021-10-03T15:24:40.000Z,2021-10-03T15:24:40.000Z,2021-10-05 16:31:13,Pro Legacy Sports Academy,7,6,1597087,bowl,completed,normal,1597087,Rashtrakuta Ranadheeras,2 wickets,8452770,Ashrith Kashyap,Eliminator,Resulted,0,Pro Legacy Sports Academy,Bengaluru (Bangalore)
2308545,293657,2,18,qualifier,1597091,1597087,Vijayanagara Royals,Rashtrakuta Ranadheeras,2021-10-23T13:46:54.000Z,2021-10-23T13:46:54.000Z,2021-10-23 14:18:52,Pro Legacy Sports Academy,7,6,1597087,bowl,completed,normal,1597087,Rashtrakuta Ranadheeras,5 wickets,8452770,Ashrith Kashyap,Qualifier  2,Resulted,0,Pro Legacy Sports Academy,Bengaluru (Bangalore)
2379201,293657,2,19,final,1597085,1597087,Chalukya Chakravarthis,Rashtrakuta Ranadheeras,2021-10-23T14:25:51.000Z,2021-10-23T14:25:51.000Z,2021-10-23 15:38:52,Pro Legacy Sports Academy,7,6,1597087,bowl,completed,normal,1597085,Chalukya Chakravarthis,29 runs,809163,Pranav Pk,Final,Resulted,0,Pro Legacy Sports Academy,Bengaluru (Bangalore)
3903620,443660,3,1,group,1597085,1597087,Chalukya Chakravarthis,Rashtrakuta Ranadheeras,2022-07-02T12:31:48.000Z,2022-07-02T12:31:48.000Z,2022-07-02 13:12:22,Pro Legacy Sports Academy,7,6,1597085,bat,completed,normal,1597087,Rashtrakuta Ranadheeras,5 wickets,8452770,Ashrith Kashyap,League Matches,Resulted,0,Pro Legacy Sports Academy,Bengaluru (Bangalore)
3903638,443660,3,2,group,1597088,1597091,Kadamba Yodhas,Vijayanagara Royals,2022-07-02T13:16:56.000Z,2022-07-02T13:16:56.000Z,2022-07-02 13:40:13,Pro Legacy Sports Academy,7,6,1597088,bat,completed,normal,1597091,Vijayanagara Royals,6 wickets,8445499,Paneendra Gautham,League Matches,Resulted,0,Pro Legacy Sports Academy,Bengaluru (Bangalore)
3903627,443660,3,3,group,1597084,1597090,Hoysala Hunters,Wodeyars The Kings,2022-07-02T13:43:30.000Z,2022-07-02T13:43:30.000Z,2022-07-02 14:29:51,Pro Legacy Sports Academy,7,6,1597090,bowl,completed,normal,1597084,Hoysala Hunters,8 runs,5387685,Aprameya Guruprasad,League Matches,Resulted,0,Pro Legacy Sports Academy,Bengaluru (Bangalore)
3903665,443660,3,4,group,1597091,1597085,Vijayanagara Royals,Chalukya Chakravarthis,2022-07-02T14:35:21.000Z,2022-07-02T14:35:21.000Z,2022-07-02 15:07:42,Pro Legacy Sports Academy,7,6,1597085,bowl,completed,normal,1597085,Chalukya Chakravarthis,4 wickets,8445414,Tej,League Matches,Resulted,0,Pro Legacy Sports Academy,Bengaluru (Bangalore)
3903658,443660,3,5,group,1597084,1597087,Hoysala Hunters,Rashtrakuta Ranadheeras,2022-07-02T15:12:17.000Z,2022-07-02T15:12:17.000Z,2022-07-02 15:49:38,Pro Legacy Sports Academy,7,6,1597087,bowl,completed,normal,1597087,Rashtrakuta Ranadheeras,2 wickets,8452770,Ashrith Kashyap,League Matches,Resulted,0,Pro Legacy Sports Academy,Bengaluru (Bangalore)
3903671,443660,3,6,group,1597088,1597090,Kadamba Yodhas,Wodeyars The Kings,2022-07-02T15:56:32.000Z,2022-07-02T15:56:32.000Z,2022-07-02 16:40:32,Pro Legacy Sports Academy,7,6,1597090,bowl,completed,normal,1597090,Wodeyars The Kings,4 wickets,8444531,Shreenidhi Prakash,League Matches,Resulted,0,Pro Legacy Sports Academy,Bengaluru (Bangalore)
3903689,443660,3,7,group,1597084,1597085,Hoysala Hunters,Chalukya Chakravarthis,2022-07-03T04:39:28.000Z,2022-07-03T04:39:28.000Z,2022-07-03 05:35:36,Pro Legacy Sports Academy,7,6,1597085,bowl,completed,normal,1597084,Hoysala Hunters,9 runs,8129644,Pavan Kashyap,League Matches,Resulted,0,Pro Legacy Sports Academy,Bengaluru (Bangalore)
3903839,443660,3,8,group,1597087,1597088,Rashtrakuta Ranadheeras,Kadamba Yodhas,2022-07-03T05:39:52.000Z,2022-07-03T05:39:52.000Z,2022-07-03 06:26:14,Pro Legacy Sports Academy,7,6,1597088,bowl,completed,normal,1597088,Kadamba Yodhas,3 wickets,7662592,Vittala,League Matches,Resulted,0,Pro Legacy Sports Academy,Bengaluru (Bangalore)
3903851,443660,3,9,group,1597090,1597091,Wodeyars The Kings,Vijayanagara Royals,2022-07-03T06:31:12.000Z,2022-07-03T06:31:12.000Z,2022-07-03 07:09:30,Pro Legacy Sports Academy,7,6,1597091,bowl,completed,normal,1597091,Vijayanagara Royals,2 wickets,4048334,Ravi Aniruddha,League Matches,Resulted,0,Pro Legacy Sports Academy,Bengaluru (Bangalore)
3903859,443660,3,10,group,1597088,1597084,Kadamba Yodhas,Hoysala Hunters,2022-07-03T07:13:23.000Z,2022-07-03T07:13:23.000Z,2022-07-03 07:59:57,Pro Legacy Sports Academy,7,6,1597084,bowl,completed,normal,1597084,Hoysala Hunters,4 wickets,8129644,Pavan Kashyap,League Matches,Resulted,0,Pro Legacy Sports Academy,Bengaluru (Bangalore)
3903870,443660,3,11,group,1597090,1597085,Wodeyars The Kings,Chalukya Chakravarthis,2022-07-03T08:04:47.000Z,2022-07-03T08:04:47.000Z,2022-07-03 08:44:18,Pro Legacy Sports Academy,7,6,1597085,bowl,completed,normal,1597090,Wodeyars The Kings,16 runs,4416809,Bharath G S Agasthya,League Matches,Resulted,0,Pro Legacy Sports Academy,Bengaluru (Bangalore)
3903903,443660,3,12,group,1597087,1597091,Rashtrakuta Ranadheeras,Vijayanagara Royals,2022-07-03T08:52:01.000Z,2022-07-03T08:52:01.000Z,2022-07-03 09:26:28,Pro Legacy Sports Academy,7,6,1597091,bowl,completed,normal,1597087,Rashtrakuta Ranadheeras,38 runs,8452770,Ashrith Kashyap,League Matches,Resulted,0,Pro Legacy Sports Academy,Bengaluru (Bangalore)
3903906,443660,3,13,group,1597085,1597088,Chalukya Chakravarthis,Kadamba Yodhas,2022-07-03T10:37:43.000Z,2022-07-03T10:37:43.000Z,2022-07-03 11:27:11,Pro Legacy Sports Academy,7,6,1597088,bowl,completed,normal,1597085,Chalukya Chakravarthis,19 runs,8445414,Tej,League Matches,Resulted,0,Pro Legacy Sports Academy,Bengaluru (Bangalore)
3903911,443660,3,14,group,1597091,1597084,Vijayanagara Royals,Hoysala Hunters,2022-07-03T11:35:42.000Z,2022-07-03T11:35:42.000Z,2022-07-03 12:10:08,Pro Legacy Sports Academy,7,6,1597091,bat,completed,normal,1597091,Vijayanagara Royals,3 runs,8445499,Paneendra Gautham,League Matches,Resulted,0,Pro Legacy Sports Academy,Bengaluru (Bangalore)
3903922,443660,3,15,group,1597087,1597090,Rashtrakuta Ranadheeras,Wodeyars The Kings,2022-07-03T12:16:47.000Z,2022-07-03T12:16:47.000Z,2022-07-03 12:52:49,Pro Legacy Sports Academy,7,6,1597090,bowl,completed,normal,1597087,Rashtrakuta Ranadheeras,29 runs,8452770,Ashrith Kashyap,League Matches,Resulted,0,Pro Legacy Sports Academy,Bengaluru (Bangalore)
4009802,443660,3,16,qualifier,1597084,1597087,Hoysala Hunters,Rashtrakuta Ranadheeras,2022-07-03T13:09:37.000Z,2022-07-03T13:09:37.000Z,2022-07-03 13:48:55,Pro Legacy Sports Academy,7,6,1597087,bowl,completed,normal,1597084,Hoysala Hunters,34 runs,8814171,Pavan Raghavendra,Qualifier 1,Resulted,0,Pro Legacy Sports Academy,Bengaluru (Bangalore)
4010295,443660,3,17,qualifier,1597091,1597090,Vijayanagara Royals,Wodeyars The Kings,2022-07-03T14:52:35.000Z,2022-07-03T14:52:35.000Z,2022-07-03 15:23:55,Pro Legacy Sports Academy,7,6,1597090,bowl,completed,normal,1597091,Vijayanagara Royals,30 runs,5994303,Srikanth T K,Eliminator,Resulted,0,Pro Legacy Sports Academy,Bengaluru (Bangalore)
4010487,443660,3,18,qualifier,1597091,1597087,Vijayanagara Royals,Rashtrakuta Ranadheeras,2022-07-03T15:39:26.000Z,2022-07-03T15:39:26.000Z,2022-07-03 16:05:33,Pro Legacy Sports Academy,7,6,1597091,bat,completed,normal,1597087,Rashtrakuta Ranadheeras,5 wickets,8452770,Ashrith Kashyap,Qualifier  2,Resulted,0,Pro Legacy Sports Academy,Bengaluru (Bangalore)
4010588,443660,3,19,final,1597084,1597087,Hoysala Hunters,Rashtrakuta Ranadheeras,2022-07-03T16:13:18.000Z,2022-07-03T16:13:18.000Z,2022-07-03 16:47:56,Pro Legacy Sports Academy,7,6,1597084,bat,completed,normal,1597087,Rashtrakuta Ranadheeras,5 wickets,8452770,Ashrith Kashyap,Final,Resulted,0,Pro Legacy Sports Academy,Bengaluru (Bangalore)
6946993,577076,4,1,group,1597090,1597087,Wodeyars The Kings,Rashtrakuta Ranadheeras,2023-06-10T10:51:00.000Z,2023-06-10T10:51:00.000Z,2023-06-10 11:26:24,Pro Legacy Sports Academy,7,6,1597087,bowl,completed,normal,1597087,Rashtrakuta Ranadheeras,5 wickets,8444550,Bharadwaj Srivatsa,Super League,Resulted,0,Pro Legacy Sports Academy,Bengaluru (Bangalore)
6947000,577076,4,2,group,1597088,1597091,Kadamba Yodhas,Vijayanagara Royals,2023-06-10T11:32:06.000Z,2023-06-10T11:32:06.000Z,2023-06-10 12:15:24,Pro Legacy Sports Academy,7,6,1597091,bowl,completed,normal,1597088,Kadamba Yodhas,27 runs,8444531,Shreenidhi Prakash,Super League,Resulted,0,Pro Legacy Sports Academy,Bengaluru (Bangalore)
6947011,577076,4,3,group,388115,1597084,lko lions,Hoysala Hunters,2023-06-10T12:19:09.000Z,2023-06-10T12:19:09.000Z,2023-06-10 12:51:07,Pro Legacy Sports Academy,7,6,1597084,bowl,completed,normal,1597084,Hoysala Hunters,4 wickets,8129644,Pavan Kashyap,Super League,Resulted,0,Pro Legacy Sports Academy,Bengaluru (Bangalore)
6947023,577076,4,4,group,1597085,1597087,Chalukya Chakravarthis,Rashtrakuta Ranadheeras,2023-06-10T12:54:50.000Z,2023-06-10T12:54:50.000Z,2023-06-10 13:32:45,Pro Legacy Sports Academy,7,6,1597087,bowl,completed,normal,1597087,Rashtrakuta Ranadheeras,3 wickets,809163,Pranav Pk,Super League,Resulted,0,Pro Legacy Sports Academy,Bengaluru (Bangalore)
6947039,577076,4,5,group,388115,1597090,lko lions,Wodeyars The Kings,2023-06-10T13:37:19.000Z,2023-06-10T13:37:19.000Z,2023-06-10 14:09:17,Pro Legacy Sports Academy,7,6,1597090,bowl,completed,normal,1597090,Wodeyars The Kings,4 wickets,8445342,Guruprasad Ramachandrachar,Super League,Resulted,0,Pro Legacy Sports Academy,Bengaluru (Bangalore)
6947120,577076,4,6,group,1597084,1597088,Hoysala Hunters,Kadamba Yodhas,2023-06-10T14:12:54.000Z,2023-06-10T14:12:54.000Z,2023-06-10 15:02:32,Pro Legacy Sports Academy,7,6,1597088,bowl,completed,normal,1597084,Hoysala Hunters,55 runs,10031492,Mady,Super League,Resulted,0,Pro Legacy Sports Academy,Bengaluru (Bangalore)
6947131,577076,4,7,group,1597091,1597085,Vijayanagara Royals,Chalukya Chakravarthis,2023-06-10T15:07:47.000Z,2023-06-10T15:07:47.000Z,2023-06-10 15:36:18,Pro Legacy Sports Academy,7,6,1597091,bat,completed,normal,1597085,Chalukya Chakravarthis,5 wickets,8445414,Tej,Super League,Resulted,0,Pro Legacy Sports Academy,Bengaluru (Bangalore)
6947146,577076,4,8,group,388115,1597087,lko lions,Rashtrakuta Ranadheeras,2023-06-10T15:40:22.000Z,2023-06-10T15:40:22.000Z,2023-06-10 16:17:55,Pro Legacy Sports Academy,7,6,1597087,bowl,completed,normal,1597087,Rashtrakuta Ranadheeras,3 wickets,809163,Pranav Pk,Super League,Resulted,0,Pro Legacy Sports Academy,Bengaluru (Bangalore)
6947151,577076,4,9,group,1597088,1597090,Kadamba Yodhas,Wodeyars The Kings,2023-06-10T16:20:56.000Z,2023-06-10T16:20:56.000Z,2023-06-10 17:33:40,Pro Legacy Sports Academy,7,6,1597090,bowl,completed,super_over,1597088,Kadamba Yodhas,Match Tied (Kadamba Yodhas won the super over),8445318,K S Akshay Kaushik,Super League,Resulted,1,Pro Legacy Sports Academy,Bengaluru (Bangalore)
6947176,577076,4,10,group,1597084,1597087,Hoysala Hunters,Rashtrakuta Ranadheeras,2023-06-11T04:45:00.000Z,2023-06-11T04:45:00.000Z,2023-06-11 06:01:25,Pro Legacy Sports Academy,7,6,1597087,bowl,completed,normal,1597087,Rashtrakuta Ranadheeras,4 wickets,8452770,Ashrith Kashyap,Super League,Resulted,0,Pro Legacy Sports Academy,Bengaluru (Bangalore)
6947162,577076,4,11,group,1597090,1597085,Wodeyars The Kings,Chalukya Chakravarthis,2023-06-11T05:41:40.000Z,2023-06-11T05:41:40.000Z,2023-06-11 06:21:05,Pro Legacy Sports Academy,7,6,1597085,bowl,completed,normal,1597085,Chalukya Chakravarthis,3 wickets,5994303,Srikanth T K,Super League,Resulted,0,Pro Legacy Sports Academy,Bengaluru (Bangalore)
6947190,577076,4,12,group,1597091,388115,Vijayanagara Royals,lko lions,2023-06-11T06:24:14.000Z,2023-06-11T06:24:14.000Z,2023-06-11 07:07:17,Pro Legacy Sports Academy,7,6,388115,bowl,completed,normal,388115,lko lions,1 wicket,8444682,Pavan Gautham,Super League,Resulted,0,Pro Legacy Sports Academy,Bengaluru (Bangalore)
6947199,577076,4,13,group,1597084,1597085,Hoysala Hunters,Chalukya Chakravarthis,2023-06-11T07:16:11.000Z,2023-06-11T07:16:11.000Z,2023-06-11 07:45:39,Pro Legacy Sports Academy,7,6,1597085,bowl,completed,normal,1597085,Chalukya Chakravarthis,5 wickets,8556484,Srinidhi Ns,Super League,Resulted,0,Pro Legacy Sports Academy,Bengaluru (Bangalore)
6947210,577076,4,14,group,1597088,388115,Kadamba Yodhas,lko lions,2023-06-11T07:50:53.000Z,2023-06-11T07:50:53.000Z,2023-06-11 08:25:13,Pro Legacy Sports Academy,7,6,1597088,bat,completed,normal,388115,lko lions,6 wickets,4416809,Bharath G S Agasthya,Super League,Resulted,0,Pro Legacy Sports Academy,Bengaluru (Bangalore)
6947241,577076,4,15,group,1597091,1597090,Vijayanagara Royals,Wodeyars The Kings,2023-06-11T08:31:50.000Z,2023-06-11T08:31:50.000Z,2023-06-11 09:05:07,Pro Legacy Sports Academy,7,6,1597090,bowl,completed,normal,1597090,Wodeyars The Kings,5 wickets,1224122,Badriprasad,Super League,Resulted,0,Pro Legacy Sports Academy,Bengaluru (Bangalore)
6948306,577076,4,16,group,1597088,1597085,Kadamba Yodhas,Chalukya Chakravarthis,2023-06-11T10:21:17.000Z,2023-06-11T10:21:17.000Z,2023-06-11 11:00:17,Pro Legacy Sports Academy,7,6,1597085,bowl,completed,normal,1597088,Kadamba Yodhas,2 runs,19421271,Krishnamurthy,Super League,Resulted,0,Pro Legacy Sports Academy,Bengaluru (Bangalore)
6948325,577076,4,17,group,1597084,1597090,Hoysala Hunters,Wodeyars The Kings,2023-06-11T11:05:18.000Z,2023-06-11T11:05:18.000Z,2023-06-11 11:49:57,Pro Legacy Sports Academy,7,6,1597090,bowl,completed,normal,1597090,Wodeyars The Kings,4 wickets,8445368,Jeethu,Super League,Resulted,0,Pro Legacy Sports Academy,Bengaluru (Bangalore)
6948350,577076,4,18,group,1597087,1597091,Rashtrakuta Ranadheeras,Vijayanagara Royals,2023-06-11T11:58:06.000Z,2023-06-11T11:58:06.000Z,2023-06-11 12:32:46,Pro Legacy Sports Academy,7,6,1597091,bowl,completed,normal,1597087,Rashtrakuta Ranadheeras,29 runs,8578931,Srihari,Super League,Resulted,0,Pro Legacy Sports Academy,Bengaluru (Bangalore)
6948371,577076,4,19,group,1597085,388115,Chalukya Chakravarthis,lko lions,2023-06-11T12:35:28.000Z,2023-06-11T12:35:28.000Z,2023-06-11 13:24:24,Pro Legacy Sports Academy,7,6,388115,bowl,completed,normal,1597085,Chalukya Chakravarthis,47 runs,8445414,Tej,Super League,Resulted,0,Pro Legacy Sports Academy,Bengaluru (Bangalore)
6948377,577076,4,20,group,1597091,1597084,Vijayanagara Royals,Hoysala Hunters,2023-06-11T13:28:45.000Z,2023-06-11T13:28:45.000Z,2023-06-11 14:04:45,Pro Legacy Sports Academy,7,6,1597084,bowl,completed,normal,1597084,Hoysala Hunters,6 wickets,10031492,Mady,Super League,Resulted,0,Pro Legacy Sports Academy,Bengaluru (Bangalore)
6948381,577076,4,21,group,1597088,1597087,Kadamba Yodhas,Rashtrakuta Ranadheeras,2023-06-11T14:09:30.000Z,2023-06-11T14:09:30.000Z,2023-06-11 14:54:12,Pro Legacy Sports Academy,7,6,1597088,bat,completed,normal,1597088,Kadamba Yodhas,3 runs,8445356,Pradyumna,Super League,Resulted,0,Pro Legacy Sports Academy,Bengaluru (Bangalore)
7092207,577076,4,22,qualifier,1597085,1597087,Chalukya Chakravarthis,Rashtrakuta Ranadheeras,2023-06-11T15:01:06.000Z,2023-06-11T15:01:06.000Z,2023-06-11 15:38:39,Pro Legacy Sports Academy,7,6,1597087,bowl,completed,normal,1597085,Chalukya Chakravarthis,4 runs,809867,Prabhav Pk,Qualifier 1,Resulted,0,Pro Legacy Sports Academy,Bengaluru (Bangalore)
7092606,577076,4,23,qualifier,1597088,1597084,Kadamba Yodhas,Hoysala Hunters,2023-06-11T15:46:27.000Z,2023-06-11T15:46:27.000Z,2023-06-11 16:40:07,Pro Legacy Sports Academy,7,6,1597088,bat,completed,normal,1597088,Kadamba Yodhas,5 runs,8444531,Shreenidhi Prakash,Eliminator,Resulted,0,Pro Legacy Sports Academy,Bengaluru (Bangalore)
7093189,577076,4,24,qualifier,1597088,1597087,Kadamba Yodhas,Rashtrakuta Ranadheeras,2023-06-11T16:49:49.000Z,2023-06-11T16:49:49.000Z,2023-06-11 17:34:23,Pro Legacy Sports Academy,7,6,1597088,bat,completed,normal,1597087,Rashtrakuta Ranadheeras,5 wickets,8452770,Ashrith Kashyap,Qualifier  2,Resulted,0,Pro Legacy Sports Academy,Bengaluru (Bangalore)
7512871,577076,4,25,final,1597085,1597087,Chalukya Chakravarthis,Rashtrakuta Ranadheeras,2023-08-02T14:55:17.000Z,2023-08-02T14:55:17.000Z,2023-08-02 15:33:18,Pro Legacy Sports Academy,7,6,1597087,bowl,completed,normal,1597085,Chalukya Chakravarthis,6 runs,8445414,Tej,Final,Resulted,0,Pro Legacy Sports Academy,Bengaluru (Bangalore)
10814546,983328,5,1,group,6767130,6767134,Rashtrakuta Ranadhiras,Wodeyars the Kings,2024-05-05T10:54:49.000Z,2024-05-05T10:54:49.000Z,2024-05-05 11:27:07,Prolegacy,7,6,6767134,bowl,completed,normal,6767134,Wodeyars the Kings,2 wickets,8452770,Ashrith Kashyap,Super League,Resulted,0,Prolegacy,Bengaluru (Bangalore)
10814552,983328,5,2,group,6733389,6767132,Kadamba Warriors,Vijayanagara Royals,2024-05-05T11:31:54.000Z,2024-05-05T11:31:54.000Z,2024-05-05 12:03:23,Transcend College,7,6,6733389,bat,completed,normal,6733389,Kadamba Warriors,37 runs,8445318,K S Akshay Kaushik,Super League,Resulted,0,Transcend College,Bengaluru (Bangalore)
10814569,983328,5,3,group,1597084,388115,Hoysala Hunters,lko lions,2024-05-05T12:08:09.000Z,2024-05-05T12:08:09.000Z,2024-05-05 12:40:14,Transcend College,7,6,388115,bowl,completed,normal,388115,lko lions,4 wickets,8444682,Pavan Gautham,Super League,Resulted,0,Transcend College,Bengaluru (Bangalore)
10814594,983328,5,4,group,6767128,6767130,Chalukya Chakravarthis,Rashtrakuta Ranadhiras,2024-05-05T12:45:15.000Z,2024-05-05T12:45:15.000Z,2024-05-05 13:24:22,Transcend College,7,6,6767128,bat,completed,normal,6767128,Chalukya Chakravarthis,19 runs,8445414,Tej,Super League,Resulted,0,Transcend College,Bengaluru (Bangalore)
10814609,983328,5,5,group,6733389,6767134,Kadamba Warriors,Wodeyars the Kings,2024-05-05T13:27:43.000Z,2024-05-05T13:27:43.000Z,2024-05-05 14:02:03,Transcend College,7,6,6733389,bat,completed,normal,6767134,Wodeyars the Kings,6 wickets,8445499,Paneendra Gautham,Super League,Resulted,0,Transcend College,Bengaluru (Bangalore)
10814627,983328,5,6,group,6767132,1597084,Vijayanagara Royals,Hoysala Hunters,2024-05-05T14:05:58.000Z,2024-05-05T14:05:58.000Z,2024-05-05 14:23:35,Transcend College,7,6,6767132,bat,completed,normal,1597084,Hoysala Hunters,6 wickets,10031492,Mady,Super League,Resulted,0,Transcend College,Bengaluru (Bangalore)
10814632,983328,5,7,group,6767130,388115,Rashtrakuta Ranadhiras,lko lions,2024-05-05T14:28:52.000Z,2024-05-05T14:28:52.000Z,2024-05-05 15:03:27,Transcend College,7,6,388115,bowl,completed,normal,388115,lko lions,6 wickets,4416809,Bharath G S Agasthya,Super League,Resulted,0,Transcend College,Bengaluru (Bangalore)
10818534,983328,5,8,group,6733389,6767128,Kadamba Warriors,Chalukya Chakravarthis,2024-05-05T15:08:55.000Z,2024-05-05T15:08:55.000Z,2024-05-05 15:53:54,Transcend College,7,6,6767128,bowl,completed,normal,6733389,Kadamba Warriors,9 runs,6508655,Sudharshan,Super League,Resulted,0,Transcend College,Bengaluru (Bangalore)
10818554,983328,5,9,group,6767132,6767130,Vijayanagara Royals,Rashtrakuta Ranadhiras,2024-05-05T15:57:19.000Z,2024-05-05T15:57:19.000Z,2024-05-05 16:20:36,Transcend College,7,6,6767130,bowl,completed,normal,6767130,Rashtrakuta Ranadhiras,4 wickets,8578931,Srihari,Super League,Resulted,0,Transcend College,Bengaluru (Bangalore)
10818574,983328,5,10,group,1597084,6767128,Hoysala Hunters,Chalukya Chakravarthis,2024-05-11T11:02:07.000Z,2024-05-11T11:02:07.000Z,2024-05-11 11:37:12,Transcend College,7,6,6767128,bowl,completed,normal,1597084,Hoysala Hunters,48 runs,14211268,Pramit,Super League,Resulted,0,Transcend College,Bengaluru (Bangalore)
10869116,983328,5,11,group,3881115,6767134,Glorious Ganga,Wodeyars the Kings,2024-05-11T11:40:52.000Z,2024-05-11T11:40:52.000Z,2024-05-11 12:24:40,Prolegacy,7,6,6767134,bowl,completed,super_over,6767134,Wodeyars the Kings,Match Tied (Wodeyars the Kings won the super over),8445368,Jeethu,Super League,Resulted,1,Prolegacy,Bengaluru (Bangalore)
10869121,983328,5,12,group,6733389,1597084,Kadamba Warriors,Hoysala Hunters,2024-05-11T12:28:43.000Z,2024-05-11T12:28:43.000Z,2024-05-11 13:00:06,Prolegacy,7,6,1597084,bowl,completed,normal,1597084,Hoysala Hunters,2 wickets,8129644,Pavan Kashyap,Super League,Resulted,0,Prolegacy,Bengaluru (Bangalore)
10869129,983328,5,13,group,6767128,3881115,Chalukya Chakravarthis,Glorious Ganga,2024-05-11T13:03:36.000Z,2024-05-11T13:03:36.000Z,2024-05-11 13:43:59,Prolegacy,7,6,6767128,bat,completed,normal,6767128,Chalukya Chakravarthis,2 runs,5994303,Srikanth T K,Super League,Resulted,0,Prolegacy,Bengaluru (Bangalore)
10869135,983328,5,14,group,6767134,6767132,Wodeyars the Kings,Vijayanagara Royals,2024-05-11T13:48:38.000Z,2024-05-11T13:48:38.000Z,2024-05-11 14:20:28,Prolegacy,7,6,6767134,bat,completed,normal,6767132,Vijayanagara Royals,2 wickets,10339400,Aprameya Guruprasad,Super League,Resulted,0,Prolegacy,Bengaluru (Bangalore)
10869150,983328,5,15,group,6733389,3881115,Kadamba Warriors,Glorious Ganga,2024-05-11T14:24:16.000Z,2024-05-11T14:24:16.000Z,2024-05-11 14:57:08,Prolegacy,7,6,6733389,bat,completed,normal,3881115,Glorious Ganga,4 wickets,19645071,Achuth,Super League,Resulted,0,Prolegacy,Bengaluru (Bangalore)
10869160,983328,5,16,group,6767128,6767132,Chalukya Chakravarthis,Vijayanagara Royals,2024-05-11T15:02:07.000Z,2024-05-11T15:02:07.000Z,2024-05-11 15:37:07,Prolegacy,7,6,6767132,bowl,completed,normal,6767128,Chalukya Chakravarthis,19 runs,8445414,Tej,Super League,Resulted,0,Prolegacy,Bengaluru (Bangalore)
10869162,983328,5,17,group,1597084,6767134,Hoysala Hunters,Wodeyars the Kings,2024-05-11T15:43:53.000Z,2024-05-11T15:43:53.000Z,2024-05-11 16:20:48,Prolegacy,7,6,6767134,bowl,completed,normal,1597084,Hoysala Hunters,31 runs,8814171,Pavan Raghavendra,Super League,Resulted,0,Prolegacy,Bengaluru (Bangalore)
10869170,983328,5,18,group,6733389,6767130,Kadamba Warriors,Rashtrakuta Ranadhiras,2024-05-12T13:20:12.000Z,2024-05-12T13:20:12.000Z,2024-05-12 13:59:35,Prolegacy,7,6,6767130,bowl,completed,normal,6767130,Rashtrakuta Ranadhiras,2 wickets,809163,Pranav Pk,Super League,Resulted,0,Prolegacy,Bengaluru (Bangalore)
10869175,983328,5,19,group,6767128,6767134,Chalukya Chakravarthis,Wodeyars the Kings,2024-05-12T14:03:52.000Z,2024-05-12T14:03:52.000Z,2024-05-12 14:44:37,Prolegacy,7,6,6767134,bowl,completed,normal,6767128,Chalukya Chakravarthis,4 runs,5994303,Srikanth T K,Super League,Resulted,0,Prolegacy,Bengaluru (Bangalore)
10869184,983328,5,20,group,6767132,3881115,Vijayanagara Royals,Glorious Ganga,2024-05-12T14:50:58.000Z,2024-05-12T14:50:58.000Z,2024-05-12 15:23:17,Prolegacy,7,6,3881115,bowl,completed,normal,3881115,Glorious Ganga,0 wicket,4416809,Bharath G S Agasthya,Super League,Resulted,0,Prolegacy,Bengaluru (Bangalore)
10869193,983328,5,21,group,6767130,1597084,Rashtrakuta Ranadhiras,Hoysala Hunters,2024-05-12T15:31:01.000Z,2024-05-12T15:31:01.000Z,2024-05-12 16:03:04,Prolegacy,6,6,1597084,bowl,completed,normal,6767130,Rashtrakuta Ranadhiras,24 runs,8452770,Ashrith Kashyap,Super League,Resulted,0,Prolegacy,Bengaluru (Bangalore)
12170931,983328,5,22,qualifier,3881115,1597084,Glorious Ganga,Hoysala Hunters,2024-07-28T04:04:40.000Z,2024-07-28T04:04:40.000Z,2024-07-28 04:38:51,Prolegacy,7,6,1597084,bowl,completed,normal,1597084,Hoysala Hunters,2 wickets,10031492,Mady,Qualifier 1,Resulted,0,Prolegacy,Bengaluru (Bangalore)
12172071,983328,5,24,qualifier,6767128,6767130,Chalukya Chakravarthis,Rashtrakuta Ranadhiras,2024-07-28T04:43:27.000Z,2024-07-28T04:43:27.000Z,2024-07-28 05:17:21,Prolegacy,7,6,6767130,bowl,completed,normal,6767130,Rashtrakuta Ranadhiras,3 wickets,8452770,Ashrith Kashyap,Eliminator,Resulted,0,Prolegacy,Bengaluru (Bangalore)
12173205,983328,5,25,qualifier,3881115,6767130,Glorious Ganga,Rashtrakuta Ranadhiras,2024-07-28T05:22:05.000Z,2024-07-28T05:22:05.000Z,2024-07-28 05:52:44,Prolegacy,7,6,6767130,bowl,completed,normal,6767130,Rashtrakuta Ranadhiras,4 wickets,8452770,Ashrith Kashyap,Qualifier  2,Resulted,0,Prolegacy,Bengaluru (Bangalore)
12174087,983328,5,26,final,6767130,1597084,Rashtrakuta Ranadhiras,Hoysala Hunters,2024-07-28T05:58:01.000Z,2024-07-28T05:58:01.000Z,2024-07-28 06:37:45,Prolegacy,7,6,1597084,bowl,completed,normal,1597084,Hoysala Hunters,4 wickets,10031492,Mady,Final,Resulted,0,Prolegacy,Bengaluru (Bangalore)
16991638,1462709,6,1,group,6767128,6767134,Chalukya Chakravarthis,Wodeyars the Kings,2025-05-10T11:55:18.000Z,2025-05-10T11:55:18.000Z,2025-05-10 12:32:06,Classic Sports Academy,7,6,6767134,bowl,completed,normal,6767128,Chalukya Chakravarthis,21 runs,5994303,Srikanth T K,League Matches,Resulted,0,Classic Sports Academy,Bengaluru (Bangalore)
16991700,1462709,6,2,group,6767130,1597084,Rashtrakuta Ranadhiras,Hoysala Hunters,2025-05-10T12:35:29.000Z,2025-05-10T12:35:29.000Z,2025-05-10 13:23:31,Classic Sports Academy,7,6,1597084,bowl,completed,normal,1597084,Hoysala Hunters,5 wickets,10031492,Mady,League Matches,Resulted,0,Classic Sports Academy,Bengaluru (Bangalore)
16991723,1462709,6,3,group,3881115,6767134,Glorious Ganga,Wodeyars the Kings,2025-05-10T13:30:00.000Z,2025-05-10T13:30:00.000Z,2025-05-10 14:08:34,Classic Sports Academy,7,6,6767134,bowl,completed,normal,6767134,Wodeyars the Kings,4 wickets,8445368,Jeethu,League Matches,Resulted,0,Classic Sports Academy,Bengaluru (Bangalore)
16991757,1462709,6,4,group,6767128,6733389,Chalukya Chakravarthis,Kadamba Warriors,2025-05-10T14:11:17.000Z,2025-05-10T14:11:17.000Z,2025-05-10 14:48:20,Classic Sports Academy,7,6,6767128,bat,completed,normal,6767128,Chalukya Chakravarthis,60 runs,8445414,Tej,League Matches,Resulted,0,Classic Sports Academy,Bengaluru (Bangalore)
16991791,1462709,6,5,group,6767132,1597084,Vijayanagara Royals,Hoysala Hunters,2025-05-10T14:50:04.000Z,2025-05-10T14:50:04.000Z,2025-05-10 15:17:48,Classic Sports Academy,7,6,1597084,bowl,completed,normal,1597084,Hoysala Hunters,4 wickets,8129644,Pavan Kashyap,League Matches,Resulted,0,Classic Sports Academy,Bengaluru (Bangalore)
16991823,1462709,6,6,group,6767128,3881115,Chalukya Chakravarthis,Glorious Ganga,2025-05-10T15:20:27.000Z,2025-05-10T15:20:27.000Z,2025-05-10 15:52:04,Classic Sports Academy,7,6,3881115,bowl,completed,normal,6767128,Chalukya Chakravarthis,57 runs,8445414,Tej,League Matches,Resulted,0,Classic Sports Academy,Bengaluru (Bangalore)
16991869,1462709,6,7,group,6767130,6733389,Rashtrakuta Ranadhiras,Kadamba Warriors,2025-05-10T15:58:35.000Z,2025-05-10T15:58:35.000Z,2025-05-10 16:23:05,Classic Sports Academy,7,6,6733389,bowl,completed,normal,6733389,Kadamba Warriors,5 wickets,24597937,Pradhdhyumna Kashyap Hp,League Matches,Resulted,0,Classic Sports Academy,Bengaluru (Bangalore)
16991898,1462709,6,8,group,6767128,6767132,Chalukya Chakravarthis,Vijayanagara Royals,2025-05-10T16:26:29.000Z,2025-05-10T16:26:29.000Z,2025-05-10 17:01:40,Classic Sports Academy,7,6,6767132,bowl,completed,normal,6767128,Chalukya Chakravarthis,55 runs,5994303,Srikanth T K,League Matches,Resulted,0,Classic Sports Academy,Bengaluru (Bangalore)
17092539,1462709,6,9,group,6767130,3881115,Rashtrakuta Ranadhiras,Glorious Ganga,2025-05-11T03:48:06.000Z,2025-05-11T03:48:06.000Z,2025-05-11 04:28:42,Classic Sports Academy,7,6,3881115,bowl,completed,normal,6767130,Rashtrakuta Ranadhiras,21 runs,8452770,Ashrith Kashyap,League Matches,Resulted,0,Classic Sports Academy,Bengaluru (Bangalore)
17092546,1462709,6,10,group,6767132,6733389,Vijayanagara Royals,Kadamba Warriors,2025-05-11T04:34:59.000Z,2025-05-11T04:34:59.000Z,2025-05-11 05:08:56,Classic Sports Academy,7,6,6767132,bat,completed,normal,6733389,Kadamba Warriors,4 wickets,8444531,Shreenidhi Prakash,League Matches,Resulted,0,Classic Sports Academy,Bengaluru (Bangalore)
17092557,1462709,6,11,group,1597084,6767134,Hoysala Hunters,Wodeyars the Kings,2025-05-11T05:10:48.000Z,2025-05-11T05:10:48.000Z,2025-05-11 05:55:43,Classic Sports Academy,7,6,6767134,bowl,completed,normal,1597084,Hoysala Hunters,31 runs,10031492,Mady,League Matches,Resulted,0,Classic Sports Academy,Bengaluru (Bangalore)
17092570,1462709,6,12,group,6767132,3881115,Vijayanagara Royals,Glorious Ganga,2025-05-11T05:58:50.000Z,2025-05-11T05:58:50.000Z,2025-05-11 06:25:44,Classic Sports Academy,7,6,6767132,bat,completed,normal,3881115,Glorious Ganga,5 wickets,4416809,Bharath G S Agasthya,League Matches,Resulted,0,Classic Sports Academy,Bengaluru (Bangalore)
17092587,1462709,6,13,group,6767134,6767130,Wodeyars the Kings,Rashtrakuta Ranadhiras,2025-05-11T06:30:16.000Z,2025-05-11T06:30:16.000Z,2025-05-11 07:09:01,Classic Sports Academy,7,6,6767130,bowl,completed,normal,6767134,Wodeyars the Kings,12 runs,8445420,Madhusudhan K S,League Matches,Resulted,0,Classic Sports Academy,Bengaluru (Bangalore)
17092597,1462709,6,14,group,6733389,1597084,Kadamba Warriors,Hoysala Hunters,2025-05-11T07:12:37.000Z,2025-05-11T07:12:37.000Z,2025-05-11 07:46:33,Classic Sports Academy,7,6,1597084,bowl,completed,normal,1597084,Hoysala Hunters,5 wickets,8453971,Srikanth Krishnamurthy,League Matches,Resulted,0,Classic Sports Academy,Bengaluru (Bangalore)
17092604,1462709,6,15,group,6767132,6767130,Vijayanagara Royals,Rashtrakuta Ranadhiras,2025-05-11T08:28:56.000Z,2025-05-11T08:28:56.000Z,2025-05-11 09:01:16,Classic Sports Academy,6,6,6767130,bowl,completed,normal,6767130,Rashtrakuta Ranadhiras,4 wickets,809163,Pranav Pk,League Matches,Resulted,0,Classic Sports Academy,Bengaluru (Bangalore)
17092610,1462709,6,16,group,1597084,3881115,Hoysala Hunters,Glorious Ganga,2025-05-11T09:07:47.000Z,2025-05-11T09:07:47.000Z,2025-05-11 09:34:28,Classic Sports Academy,6,6,3881115,bowl,completed,normal,1597084,Hoysala Hunters,78 runs,15348376,Pavan Dp,League Matches,Resulted,0,Classic Sports Academy,Bengaluru (Bangalore)
17092622,1462709,6,17,group,6767132,6767134,Vijayanagara Royals,Wodeyars the Kings,2025-05-11T09:36:32.000Z,2025-05-11T09:36:32.000Z,2025-05-11 10:05:31,Classic Sports Academy,7,6,6767134,bowl,completed,normal,6767134,Wodeyars the Kings,6 wickets,8445499,Paneendra Gautham,League Matches,Resulted,0,Classic Sports Academy,Bengaluru (Bangalore)
17092631,1462709,6,18,group,3881115,6733389,Glorious Ganga,Kadamba Warriors,2025-05-11T10:10:01.000Z,2025-05-11T10:10:01.000Z,2025-05-11 10:35:28,Classic Sports Academy,6,6,6733389,bowl,completed,normal,6733389,Kadamba Warriors,6 wickets,8445318,K S Akshay Kaushik,League Matches,Resulted,0,Classic Sports Academy,Bengaluru (Bangalore)
17092642,1462709,6,19,group,6767128,1597084,Chalukya Chakravarthis,Hoysala Hunters,2025-05-11T10:43:25.000Z,2025-05-11T10:43:25.000Z,2025-05-11 11:19:08,Classic Sports Academy,6,6,1597084,bowl,completed,normal,1597084,Hoysala Hunters,4 wickets,8129644,Pavan Kashyap,League Matches,Resulted,0,Classic Sports Academy,Bengaluru (Bangalore)
17092655,1462709,6,20,group,6733389,6767134,Kadamba Warriors,Wodeyars the Kings,2025-05-11T11:25:51.000Z,2025-05-11T11:25:51.000Z,2025-05-11 12:14:37,Classic Sports Academy,7,6,6767134,bowl,completed,normal,6733389,Kadamba Warriors,7 runs,8444531,Shreenidhi Prakash,League Matches,Resulted,0,Classic Sports Academy,Bengaluru (Bangalore)
17092657,1462709,6,21,group,6767130,6767128,Rashtrakuta Ranadhiras,Chalukya Chakravarthis,2025-05-11T12:20:02.000Z,2025-05-11T12:20:02.000Z,2025-05-11 12:47:13,Classic Sports Academy,6,6,6767130,bat,completed,normal,6767128,Chalukya Chakravarthis,4 wickets,5994303,Srikanth T K,League Matches,Resulted,0,Classic Sports Academy,Bengaluru (Bangalore)
17151344,1462709,6,22,qualifier,6767128,1597084,Chalukya Chakravarthis,Hoysala Hunters,2025-05-11T13:03:42.000Z,2025-05-11T13:03:42.000Z,2025-05-11 13:44:45,Classic Sports Academy,7,6,1597084,bowl,completed,normal,6767128,Chalukya Chakravarthis,27 runs,8556484,Srinidhi Ns,Qualifier 1,Resulted,0,Classic Sports Academy,Bengaluru (Bangalore)
17151377,1462709,6,23,qualifier,6767134,6733389,Wodeyars the Kings,Kadamba Warriors,2025-05-11T13:50:31.000Z,2025-05-11T13:50:31.000Z,2025-05-11 14:35:18,Classic Sports Academy,7,6,6733389,bowl,completed,normal,6733389,Kadamba Warriors,4 wickets,29631807,Krishnamoorthy,Eliminator,Resulted,0,Classic Sports Academy,Bengaluru (Bangalore)
17153784,1462709,6,24,qualifier,6733389,1597084,Kadamba Warriors,Hoysala Hunters,2025-05-11T15:01:35.000Z,2025-05-11T15:01:35.000Z,2025-05-11 15:50:50,Classic Sports Academy,7,6,1597084,bowl,completed,normal,1597084,Hoysala Hunters,1 wicket,3542117,Amith P,Qualifier  2,Resulted,0,Classic Sports Academy,Bengaluru (Bangalore)
17154937,1462709,6,25,final,6767128,1597084,Chalukya Chakravarthis,Hoysala Hunters,2025-05-11T16:02:29.000Z,2025-05-11T16:02:29.000Z,2025-05-11 16:54:12,Classic Sports Academy,7,6,1597084,bowl,completed,normal,1597084,Hoysala Hunters,4 wickets,15348376,Pavan Dp,Final,Resulted,0,Classic Sports Academy,Bengaluru (Bangalore)
