cricheroes_tournament_id,cricheroes_team_id,cricheroes_player_id,name,rank,matches,batting,bowling,fielding,total
236267,1251242,8445414,Tej,1,5,12.991,6.251,2.064,21.306
236267,1251253,4416809,Bharath Foundry,2,7,13.539,6.870,0.594,21.003
236267,1251247,8444682,Pavan Gautham,3,5,13.796,1.571,3.600,18.967
236267,1251263,4143096,Aniruddha Dv,4,7,10.206,2.431,4.896,17.533
236267,1251252,5994303,Srikanth T K,5,6,15.302,1.994,0.192,17.488
236267,1251252,8444531,Shreenidhi Prakash,6,6,10.294,3.006,2.730,16.030
236267,1251256,8445318,K S Akshay Kaushik,7,6,11.964,1.306,1.800,15.070
236267,1251263,8445499,Paneendra Gautham,8,7,11.433,0.970,2.160,14.563
236267,1251252,8578931,Srihari,9,6,8.321,1.359,1.200,10.880
236267,1251263,4048334,Ravi Aniruddha,10,7,5.624,4.556,0.240,10.420
236267,1251247,8129644,Pavan Kashyap,11,5,7.077,1.760,0.744,9.581
236267,1251256,8556507,Prabhanjan,12,6,9.233,0.129,0.192,9.554
236267,1251256,1224122,Badri (5a),13,6,4.771,3.024,1.680,9.475
236267,1251256,8556484,Srinidhi Ns,14,6,7.527,1.082,0.600,9.209
236267,1251253,8445368,Jeethu,15,6,7.770,0.438,0.960,9.168
236267,1251252,8444550,Bharadwaj Srivatsa,16,6,2.946,4.353,1.776,9.075
236267,1251242,809163,Pranav Pk,17,5,6.495,0.847,1.680,9.022
236267,1251253,8445356,Pradyumna,18,7,3.349,2.205,3.360,8.914
236267,1251263,8445343,Anantha Madhava,19,7,6.264,2.097,0.240,8.601
236267,1251252,8846097,Nandan Kashyap,20,6,1.513,5.566,1.242,8.321
236267,1251253,8467573,Ajith,21,7,1.851,2.348,2.160,6.359
236267,1251253,8445342,Guruprasad Ramachandrachar,22,7,2.358,2.446,1.320,6.124
236267,1251247,8445292,Mahesh,23,5,3.460,2.107,0.192,5.759
236267,1251263,8469156,Sridhar,24,6,0.940,1.240,3.114,5.294
236267,1251242,5922441,Prasanna,25,4,3.046,0.960,1.200,5.206
236267,1251247,5387685,Aprameya Guruprasad,26,5,2.947,1.345,0.480,4.772
236267,1251256,8445462,Prasad K S,27,6,1.676,-0.060,2.976,4.592
236267,1251253,8469155,Krishna Mys,28,7,3.987,-0.133,0.432,4.286
236267,1251263,809867,Prabhav Pk,29,7,2.190,1.854,0.000,4.044
236267,1251252,7662592,Vittala,30,6,0.953,1.356,1.680,3.989
236267,1251256,6508655,Sudharshan,31,5,1.453,1.356,0.960,3.769
236267,1251242,8445420,Madhusudhan K S,32,5,0.576,2.822,0.240,3.638
236267,1251247,8450899,Sandeep,33,5,0.921,0.565,1.560,3.046
236267,1251242,8445376,Amith,34,5,1.831,0.662,0.000,2.493
236267,1251242,8453971,Srikanth Krishnamurthy,35,2,0.773,-0.069,1.440,2.144
236267,1251242,8444668,Srisha Badarayana H S,36,3,1.532,-0.094,0.240,1.678
236267,1251247,4048300,Vadiraj,37,1,0.094,0.000,0.000,0.094
293657,1597085,8445414,Tej,1,7,18.301,12.730,5.472,36.503
293657,1597087,8452770,Ashrith Kashyap,2,8,20.366,5.812,0.816,26.994
293657,1597084,8129644,Pavan Kashyap,3,6,19.159,3.710,0.840,23.709
293657,1597090,4416809,Bharath G S Agasthya,4,5,8.330,11.396,1.920,21.646
293657,1597087,8444550,Bharadwaj Srivatsa,5,7,15.285,-0.056,0.720,15.949
293657,1597091,8445499,Paneendra Gautham,6,7,10.986,3.798,1.098,15.882
293657,1597091,5994303,Srikanth T K,7,7,10.279,4.463,0.960,15.702
293657,1597085,809163,Pranav Pk,8,7,6.520,5.831,2.760,15.111
293657,1597091,4143096,Aniruddha Dv,9,6,8.106,3.075,2.544,13.725
293657,1597084,8444682,Pavan Gautham,10,6,10.095,2.879,0.480,13.454
293657,1597088,8445318,K S Akshay Kaushik,11,5,12.279,0.969,0.000,13.248
293657,1597090,8445368,Jeethu,12,5,8.224,4.573,0.240,13.037
293657,1597091,4048334,Ravi Aniruddha,13,7,7.146,5.379,0.000,12.525
293657,1597087,10031492,Mady,14,8,6.282,5.990,0.144,12.416
293657,1597087,8445343,Anantha Madhava,15,6,7.092,3.945,0.600,11.637
293657,1597085,5922441,Prasanna,16,6,2.800,6.170,0.624,9.594
293657,1597084,5387685,Aprameya Guruprasad,17,6,6.277,2.963,0.000,9.240
293657,1597088,1224122,Badri (5a),18,5,0.938,6.109,1.680,8.727
293657,1597087,8445420,Madhusudhan K S,19,8,3.076,2.951,2.616,8.643
293657,1597088,7662592,Vittala,20,5,6.201,2.110,0.192,8.503
293657,1597088,8556484,Srinidhi Ns,21,5,7.379,0.925,0.000,8.304
293657,1597084,8814171,Pavan Raghavendra,22,6,5.176,1.379,1.050,7.605
293657,1597085,8469156,Sridhar,23,6,0.000,4.128,2.784,6.912
293657,1597087,8578931,Srihari,24,8,1.473,2.894,2.472,6.839
293657,1597088,8453971,Srikanth Krishnamurthy,25,5,0.996,0.045,5.016,6.057
293657,1597087,8846097,Nandan Kashyap,26,8,1.437,2.965,1.560,5.962
293657,1597085,809867,Prabhav Pk,27,7,3.605,1.745,0.000,5.350
293657,1597085,8445292,Mahesh,28,6,1.878,1.163,2.184,5.225
293657,1597090,8445342,Guruprasad Ramachandrachar,29,5,1.013,2.807,1.200,5.020
293657,1597090,10031570,Sridhar Ramchandrachar,30,5,3.040,0.554,1.104,4.698
293657,1597084,8670699,Ajith P,31,6,0.293,2.958,0.960,4.211
293657,1597084,10052031,Yashu,32,5,0.755,0.000,3.432,4.187
293657,1597085,8556544,Sudhindhra,33,4,3.194,0.000,0.960,4.154
293657,1597091,8445356,Pradyumna,34,7,2.929,1.153,0.000,4.082
293657,1597085,8444668,Srisha Badarayana H S,35,4,3.018,0.000,0.000,3.018
293657,1597090,8444531,Shreenidhi Prakash,36,5,2.009,-0.087,0.672,2.594
293657,1597091,10046726,Shrivatsa Hatwar,37,5,1.169,0.000,1.008,2.177
293657,1597088,10052245,Amith,38,5,0.560,0.349,0.600,1.509
293657,1597090,8445309,Sandeep,39,5,0.955,0.354,0.000,1.309
293657,1597091,6508655,Sudharshan,40,3,0.095,0.888,0.192,1.175
293657,1597084,10047098,Aditya Hatwar,41,1,0.197,-0.042,0.000,0.155
293657,1597090,10052264,Srikrishna,42,1,0.098,0.000,0.000,0.098
293657,1597090,8469155,Krishna Mys,42,1,0.098,0.000,0.000,0.098
293657,1597088,8445462,Prasad K S,43,1,0.000,-0.062,0.000,-0.062
443660,1597087,8452770,Ashrith Kashyap,1,8,36.442,3.129,1.152,40.723
443660,1597085,8445414,Tej,2,5,20.274,6.225,1.524,28.023
443660,1597090,4416809,Bharath G S Agasthya,3,6,8.575,8.532,1.824,18.931
443660,1597088,8445318,K S Akshay Kaushik,4,5,16.517,1.724,0.432,18.673
443660,1597087,10031492,Mady,5,8,14.062,3.415,0.912,18.389
443660,1597084,8814171,Pavan Raghavendra,6,7,10.572,4.048,1.824,16.444
443660,1597084,8129644,Pavan Kashyap,7,7,10.803,1.191,4.392,16.386
443660,1597091,8445499,Paneendra Gautham,8,7,8.630,5.533,1.920,16.083
443660,1597091,5994303,Srikanth T K,9,7,12.189,2.820,0.474,15.483
443660,1597084,5387685,Aprameya Guruprasad,10,7,10.583,3.700,0.480,14.763
443660,1597091,4048334,Ravi Aniruddha,11,7,10.263,1.312,0.144,11.719
443660,1597090,8444531,Shreenidhi Prakash,12,6,6.634,2.837,2.082,11.553
443660,1597084,8444682,Pavan Gautham,13,7,10.541,-0.018,0.672,11.195
443660,1597090,8445342,Guruprasad Ramachandrachar,14,6,5.584,1.972,1.344,8.900
443660,1597091,4143096,Aniruddha Dv,15,7,4.163,3.156,0.882,8.201
443660,1597088,7662592,Vittala,16,5,4.337,3.628,0.192,8.157
443660,1597084,10052031,Yashu,17,7,6.148,1.228,0.720,8.096
443660,1597087,8445343,Anantha Madhava,18,7,2.565,4.981,0.480,8.026
443660,1597090,8445368,Jeethu,19,6,4.614,1.331,1.104,7.049
443660,1597085,809163,Pranav Pk,20,5,5.852,0.832,0.192,6.876
443660,1597085,8556544,Sudhindhra,21,5,3.562,2.734,0.480,6.776
443660,1597087,8445420,Madhusudhan K S,22,8,3.141,2.278,1.008,6.427
443660,1597091,8445356,Pradyumna,23,7,3.888,2.132,0.000,6.020
443660,1597091,10046726,Shrivatsa Hatwar,24,7,3.641,1.078,0.984,5.703
443660,1597087,8846097,Nandan Kashyap,25,8,1.621,1.060,2.772,5.453
443660,1597090,10031570,Sridhar Ramchandrachar,26,6,2.302,1.003,1.800,5.105
443660,1597084,8670699,Ajith P,27,7,1.925,2.527,0.432,4.884
443660,1597088,1224122,Badri (5a),28,5,1.990,2.728,0.000,4.718
443660,1597085,809867,Prabhav Pk,29,5,2.483,1.970,0.042,4.495
443660,1597087,8578931,Srihari,30,8,1.668,2.146,0.480,4.294
443660,1597088,8556484,Srinidhi Ns,31,5,2.445,1.667,0.000,4.112
443660,1597085,5922441,Prasanna,32,4,2.466,1.215,0.000,3.681
443660,1597085,8469156,Sridhar,33,5,0.648,2.895,0.000,3.543
443660,1597088,8445462,Prasad K S,34,5,2.448,0.803,0.000,3.251
443660,1597090,8445309,Sandeep,35,6,2.476,0.738,0.000,3.214
443660,1597084,10047098,Aditya Hatwar,36,3,1.711,0.000,0.600,2.311
443660,1597087,8444550,Bharadwaj Srivatsa,37,3,0.954,0.926,0.192,2.072
443660,1597088,8453971,Srikanth Krishnamurthy,38,2,0.000,1.027,0.960,1.987
443660,1597085,8445292,Mahesh,39,4,1.133,-0.034,0.000,1.099
443660,1597088,10052245,Amith,40,4,1.036,-0.078,0.000,0.958
443660,1597090,8469155,Krishna Mys,41,2,0.782,0.000,0.000,0.782
443660,1597090,15027628,Srisha Badarayan,42,1,0.097,-0.047,0.000,0.050
577076,1597085,8445414,Tej,1,8,20.669,3.941,2.544,27.154
577076,1597087,8452770,Ashrith Kashyap,2,9,15.238,6.248,1.176,22.662
577076,1597084,10031492,Mady,3,7,14.663,2.956,0.960,18.579
577076,1597090,8445368,Jeethu,4,6,11.086,5.718,0.882,17.686
577076,1597088,8445318,K S Akshay Kaushik,5,8,14.199,2.040,0.960,17.199
577076,1597087,809163,Pranav Pk,6,9,11.481,4.405,1.056,16.942
577076,388115,4416809,Bharath G S Agasthya,7,6,11.694,2.644,1.920,16.258
577076,1597088,8445356,Pradyumna,8,8,7.480,6.717,1.200,15.397
577076,1597087,8444550,Bharadwaj Srivatsa,9,8,10.210,2.615,0.864,13.689
577076,1597084,8129644,Pavan Kashyap,10,7,8.442,2.836,1.872,13.150
577076,1597085,5994303,Srikanth T K,11,8,10.320,1.420,1.200,12.940
577076,1597087,8578931,Srihari,12,9,6.579,4.765,1.440,12.784
577076,1597090,1224122,Badriprasad,13,6,8.371,3.358,0.936,12.665
577076,1597088,8444531,Shreenidhi Prakash,14,8,10.578,-0.086,1.200,11.692
577076,1597084,8814171,Pavan Raghavendra,15,7,9.940,1.348,0.144,11.432
577076,1597090,8445499,Paneendra Gautham,16,6,4.314,5.894,1.200,11.408
577076,1597091,4143096,Aniruddha Dv,17,6,7.789,2.779,0.432,11.000
577076,1597085,8556544,Sudhindhra,18,8,4.800,5.337,0.624,10.761
577076,388115,8444682,Pavan Gautham,19,5,9.476,1.106,0.000,10.582
577076,1597091,8445343,Anantha Madhava,20,6,5.618,3.484,1.392,10.494
577076,1597088,19421271,Krishnamurthy,21,7,7.606,0.181,1.392,9.179
577076,1597087,10047098,Aditya Hatwar,22,9,4.159,3.875,0.840,8.874
577076,1597087,10031570,Sridhar Ramchandrachar,23,9,5.013,3.491,0.240,8.744
577076,1597085,809867,Prabhav Pk,24,8,5.086,3.249,0.240,8.575
577076,1597084,3542117,Amith P,25,7,4.007,2.659,1.392,8.058
577076,1597088,8445462,Prasad K S,25,8,5.500,2.558,0.000,8.058
577076,1597085,5922441,Prasanna,26,6,1.230,6.392,0.000,7.622
577076,1597087,7662592,Vittala,27,8,2.800,1.349,3.264,7.413
577076,1597085,8846097,Vishnunandan,28,8,4.130,1.592,1.536,7.258
577076,1597091,8444668,Srisha Badarayana H S,29,5,5.206,1.804,0.000,7.010
577076,1597084,10046726,Shrivatsa Hatwar,30,7,6.093,0.648,0.000,6.741
577076,388115,10052159,Praveena,31,6,3.634,1.733,1.200,6.567
577076,1597085,8556484,Srinidhi Ns,32,8,4.253,1.024,1.056,6.333
577076,1597084,8453971,Srikanth Krishnamurthy,33,5,0.300,3.242,2.352,5.894
577076,1597090,8445342,Guruprasad Ramachandrachar,34,5,0.200,4.293,1.104,5.597
577076,388115,8670699,Ajith P,35,6,0.100,2.904,2.544,5.548
577076,1597090,8445420,Madhusudhan K S,36,6,3.709,0.441,1.200,5.350
577076,1597088,8469156,Sridhar,37,8,4.173,0.770,0.000,4.943
577076,1597091,4048334,Ravi Aniruddha,38,6,3.500,1.095,0.000,4.595
577076,388115,8450899,Sandeep,39,6,1.900,2.414,0.000,4.314
577076,1597091,5387685,Aprameya Guruprasad,40,6,2.882,0.112,0.768,3.762
577076,1597090,10052264,Srikrishna,41,6,1.600,2.137,0.000,3.737
577076,1597088,6508655,Sudharshan,42,6,0.400,3.043,0.000,3.443
577076,1597090,8445292,Mahesh,43,4,1.973,0.000,1.440,3.413
577076,1597091,4048300,Vadiraj,44,6,1.900,1.002,0.000,2.902
577076,388115,10052031,Yashu,45,4,0.914,0.869,0.672,2.455
577076,388115,8556507,Prabhanjan,46,6,2.034,-0.008,0.144,2.170
577076,1597091,20546462,Hrishikesha,47,6,0.200,1.170,0.000,1.370
577076,1597084,19048034,Balaji,48,3,0.100,-0.032,0.960,1.028
983328,1597084,10031492,Mady,1,8,11.695,8.737,1.968,22.400
983328,6767130,809163,Pranav Pk,2,9,9.910,5.654,3.792,19.356
983328,6767130,8452770,Ashrith Kashyap,3,9,12.976,4.652,1.704,19.332
983328,6767128,5994303,Srikanth T K,4,7,15.733,1.181,1.440,18.354
983328,388115,4416809,Bharath G S Agasthya,5,6,9.470,7.458,0.576,17.504
983328,1597084,8814171,Pavan Raghavendra,6,8,11.154,1.862,3.528,16.544
983328,6767128,8445414,Tej,7,7,8.354,5.583,1.392,15.329
983328,6733389,8444531,Shreenidhi Prakash,8,6,9.271,4.587,1.392,15.250
983328,6767134,8445368,Jeethu,9,6,6.711,5.069,1.368,13.148
983328,388115,8450899,Sandeep,10,8,6.448,5.537,0.000,11.985
983328,6733389,8445318,K S Akshay Kaushik,11,5,10.867,0.000,1.104,11.971
983328,1597084,8129644,Pavan Kashyap,12,8,2.502,7.476,1.104,11.082
983328,1597084,3542117,Amith P,13,8,7.596,2.232,0.936,10.764
983328,388115,8444682,Pavan Gautham,14,8,7.750,2.321,0.384,10.455
983328,6733389,24597937,Pradhdhyumna Kashyap Hp,15,6,7.272,1.475,0.960,9.707
983328,6767134,1224122,Badriprasad,16,6,6.198,2.921,0.504,9.623
983328,6767132,10339400,Aprameya Guruprasad,17,5,6.818,2.420,0.288,9.526
983328,6767130,8578931,Srihari,18,9,6.252,2.642,0.480,9.374
983328,6767132,8445343,Anantha Madhava,19,5,6.835,1.756,0.600,9.191
983328,6767132,4143096,Aniruddha Dv,20,6,6.871,0.800,1.344,9.015
983328,388115,10052031,Yashu,21,7,6.661,1.464,0.672,8.797
983328,6767130,29631844,Sridhar Dixit,22,9,7.022,0.911,0.672,8.605
983328,6767134,8445420,Madhusudhan K S,23,6,4.559,2.588,1.392,8.539
983328,1597084,14211268,Pramit,24,3,4.773,2.358,1.200,8.331
983328,6767134,8445499,Paneendra Gautham,25,5,5.700,1.332,0.912,7.944
983328,6767128,5922441,Prasanna,26,7,6.097,1.744,0.000,7.841
983328,6733389,6508655,Sudharshan,27,5,1.900,4.656,1.200,7.756
983328,3881115,19645071,Achuth,28,2,6.309,1.277,0.000,7.586
983328,388115,29632164,Raghunandan,29,7,6.023,0.243,1.272,7.538
983328,6767130,10047098,Aditya Hatwar,30,8,5.633,0.537,1.032,7.202
983328,1597084,10046726,Shrivatsa Hatwar,31,8,5.946,0.079,0.720,6.745
983328,6767128,8556544,Sudhindhra,32,7,4.889,1.473,0.360,6.722
983328,388115,8670699,Ajith P,33,7,0.700,4.346,1.392,6.438
983328,6767134,8445342,Guruprasad Ramachandrachar,34,6,1.600,3.542,0.576,5.718
983328,6767128,10075428,Prabhav Krishna,35,7,1.606,2.596,1.488,5.690
983328,6767128,8556484,Srinidhi Ns,36,7,1.608,3.277,0.720,5.605
983328,6767128,8846097,Vishnunandan,37,7,0.500,2.583,2.472,5.555
983328,388115,10052159,Praveena,38,8,3.000,1.930,0.552,5.482
983328,6767134,8445292,Mahesh,39,4,5.337,-0.020,0.000,5.317
983328,6767130,8444550,Bharadwaj Srivatsa,40,7,4.462,0.000,0.624,5.086
983328,6767132,4048334,Ravi Aniruddha,41,6,2.137,1.290,1.632,5.059
983328,6767130,7662592,Vittala,42,9,0.900,3.379,0.576,4.855
983328,6767132,4048300,Vadiraj,43,6,2.500,0.915,0.960,4.375
983328,6733389,8469156,Sridhar,44,5,0.800,1.880,1.584,4.264
983328,6733389,29631807,Krishnamoorthy,45,6,1.524,1.948,0.192,3.664
983328,6733389,8445462,Prasad K S,46,6,2.500,1.029,0.000,3.529
983328,6767134,10117071,Anantha,47,4,1.300,2.204,0.000,3.504
983328,6767132,29631917,Hrishikesha,48,6,1.000,1.837,0.000,2.837
983328,1597084,19048034,Balaji,49,8,0.200,1.918,0.000,2.118
983328,6767132,8444668,Srisha Badarayana H S,50,4,0.100,1.128,0.696,1.924
983328,1597084,8453971,Srikanth Krishnamurthy,51,3,0.200,0.000,0.720,0.920
983328,6767134,10052264,Srikrishna,52,2,0.400,0.034,0.000,0.434
1462709,6767128,5994303,Srikanth T K,1,8,31.123,0.920,0.960,33.003
1462709,6767128,8445414,Tej,2,8,15.816,6.124,5.760,27.700
1462709,6733389,8444531,Shreenidhi Prakash,3,8,10.536,10.907,1.638,23.081
1462709,1597084,8129644,Pavan Kashyap,4,9,12.771,3.423,3.936,20.130
1462709,3881115,4416809,Bharath G S Agasthya,5,6,12.075,3.557,2.640,18.272
1462709,6733389,24597937,Pradhdhyumna Kashyap Hp,6,8,11.747,4.666,1.680,18.093
1462709,1597084,3542117,Amith P,7,9,14.731,1.421,1.200,17.352
1462709,6767130,8452770,Ashrith Kashyap,8,6,14.855,1.160,0.000,16.015
1462709,1597084,10031492,Mady,9,9,5.011,8.443,2.352,15.806
1462709,6767134,8445499,Paneendra Gautham,10,7,12.618,2.718,0.342,15.678
1462709,6733389,8445318,K S Akshay Kaushik,11,8,15.218,-0.069,0.384,15.533
1462709,6767130,809163,Pranav Pk,12,6,9.744,4.694,0.432,14.870
1462709,6733389,29631807,Krishnamoorthy,13,7,8.375,6.071,0.192,14.638
1462709,6767134,8445420,Madhusudhan K S,14,7,8.669,4.155,0.384,13.208
1462709,1597084,15348376,Pavan Dp,15,9,7.473,3.191,2.256,12.920
1462709,6767134,8445368,Jeethu,16,7,7.527,2.943,1.458,11.928
1462709,6767128,8556484,Srinidhi Ns,17,8,6.231,2.864,1.152,10.247
1462709,6767128,8556544,Sudhindhra,18,7,6.532,1.960,1.392,9.884
1462709,6767134,1224122,Badriprasad,19,7,4.901,3.169,1.392,9.462
1462709,6733389,6508655,Sudharshan,20,8,0.300,6.138,2.880,9.318
1462709,1597084,19048034,Balaji,21,9,2.820,6.305,0.192,9.317
1462709,6767130,8444550,Bharadwaj Srivatsa,22,6,5.302,-0.033,4.032,9.301
1462709,6767134,8445292,Mahesh,23,6,7.256,0.000,1.440,8.696
1462709,1597084,8453971,Srikanth Krishnamurthy,24,9,7.694,0.087,0.768,8.549
1462709,6767132,4048334,Ravi Aniruddha,25,6,6.926,0.938,0.480,8.344
1462709,6767134,8445342,Guruprasad Ramachandrachar,26,7,0.200,3.309,3.906,7.415
1462709,6767128,8846097,Vishnunandan,27,8,1.324,2.609,2.304,6.237
1462709,6767132,4143096,Aniruddha Dv,28,6,4.367,-0.104,1.734,5.997
1462709,3881115,8444682,Pavan Gautham,29,6,4.018,1.576,0.384,5.978
1462709,6767132,10339400,Aprameya Guruprasad,30,6,3.266,2.093,0.600,5.959
1462709,3881115,29632164,Raghunandan,31,5,3.529,0.503,1.920,5.952
1462709,6767130,7662592,Vittala,32,6,2.001,3.158,0.600,5.759
1462709,6767132,8445343,Anantha Madhava,33,4,2.412,2.000,0.294,4.706
1462709,3881115,10052031,Yashu,34,5,3.500,-0.120,0.960,4.340
1462709,6767128,5922441,Prasanna,35,6,1.600,0.675,1.872,4.147
1462709,6767128,10075428,Prabhav Krishna,36,7,3.200,0.806,0.000,4.006
1462709,3881115,8450899,Sandeep,37,5,3.124,0.540,0.000,3.664
1462709,6733389,8445462,Prasad K S,38,7,2.600,0.627,0.432,3.659
1462709,6767132,8444668,Srisha Badarayana H S,39,5,1.573,-0.073,1.422,2.922
1462709,6733389,8469156,Sridhar,40,8,0.800,1.529,0.192,2.521
1462709,6767132,4048300,Vadiraj,41,6,2.100,0.406,0.000,2.506
1462709,3881115,10052159,Praveena,42,4,2.000,0.499,0.000,2.499
1462709,1597084,10046726,Shrivatsa Hatwar,43,4,1.830,0.167,0.192,2.189
1462709,6767134,10117071,Anantha,44,3,0.700,1.483,0.000,2.183
1462709,6767132,29631917,Hrishikesha,45,5,1.200,0.582,0.000,1.782
1462709,6767130,29631844,Sridhar Dixit,46,6,0.800,0.649,0.000,1.449
1462709,6767130,10047098,Aditya Hatwar,47,6,0.100,0.670,0.600,1.370
1462709,6767134,10052264,Srikrishna,48,4,1.000,0.320,0.000,1.320
1462709,3881115,8670699,Ajith P,49,4,0.000,1.052,0.144,1.196
1462709,3881115,29578223,Ajith P,50,2,0.200,-0.046,0.960,1.114
1462709,6767130,8578931,Srihari,51,2,0.870,0.087,0.000,0.957
